1.190000000000000058e-04,6.413472999999999757e+00,2.000000000000000000e+00,7.600000000000000418e-05,1.559999999999999972e-04,2.429999999999999977e-04,3.429999999999999889e-04,4.600000000000000139e-04,6.099999999999999737e-04,7.979999999999999897e-04,1.039999999999999909e-03,1.369999999999999907e-03,1.850000000000000082e-03
4.750000000000000262e-05,7.330784000000000411e+00,2.000000000000000000e+00,3.479999999999999885e-05,7.160000000000000565e-05,1.110000000000000011e-04,1.569999999999999944e-04,2.130000000000000003e-04,2.829999999999999942e-04,3.719999999999999891e-04,4.910000000000000085e-04,6.610000000000000207e-04,9.420000000000000205e-04
5.239999999999999805e-06,7.101104999999999556e+00,2.000000000000000000e+00,3.719999999999999959e-06,7.619999999999999888e-06,1.189999999999999957e-05,1.690000000000000082e-05,2.279999999999999854e-05,2.989999999999999833e-05,3.889999999999999686e-05,5.050000000000000100e-05,6.669999999999999497e-05,9.170000000000000633e-05
6.099999999999999872e-05,6.015469999999999651e+00,2.000000000000000000e+00,3.669999999999999760e-05,7.550000000000000558e-05,1.169999999999999979e-04,1.659999999999999963e-04,2.249999999999999938e-04,2.979999999999999793e-04,3.910000000000000172e-04,5.150000000000000498e-04,6.909999999999999910e-04,9.749999999999999552e-04
4.550000000000000144e-05,6.471518999999999799e+00,2.000000000000000000e+00,2.939999999999999973e-05,6.060000000000000255e-05,9.380000000000000317e-05,1.340000000000000045e-04,1.810000000000000085e-04,2.410000000000000033e-04,3.170000000000000075e-04,4.200000000000000174e-04,5.680000000000000370e-04,8.140000000000000534e-04
6.369999999999999998e-06,6.735586999999999769e+00,2.000000000000000000e+00,4.289999999999999584e-06,8.810000000000000353e-06,1.380000000000000001e-05,1.949999999999999965e-05,2.640000000000000135e-05,3.479999999999999885e-05,4.470000000000000232e-05,5.929999999999999806e-05,7.830000000000000588e-05,1.079999999999999960e-04
1.340000000000000045e-05,5.147302999999999962e+00,2.000000000000000000e+00,6.900000000000000005e-06,1.419999999999999957e-05,2.229999999999999994e-05,3.160000000000000238e-05,4.259999999999999871e-05,5.500000000000000196e-05,7.299999999999999903e-05,9.569999999999999514e-05,1.279999999999999942e-04,1.769999999999999926e-04
4.229999999999999819e-05,6.213777000000000328e+00,2.000000000000000000e+00,2.629999999999999892e-05,5.289999999999999835e-05,8.320000000000000301e-05,1.179999999999999951e-04,1.589999999999999888e-04,2.100000000000000087e-04,2.739999999999999923e-04,3.570000000000000040e-04,4.730000000000000046e-04,6.520000000000000188e-04
1.160000000000000007e-04,6.089579999999999771e+00,2.000000000000000000e+00,7.050000000000000602e-05,1.440000000000000036e-04,2.239999999999999966e-04,3.139999999999999888e-04,4.249999999999999763e-04,5.599999999999999509e-04,7.280000000000000230e-04,9.449999999999999850e-04,1.240000000000000000e-03,1.670000000000000043e-03
9.409999999999999691e-06,4.837914999999999743e+00,2.000000000000000000e+00,4.549999999999999635e-06,9.360000000000000169e-06,1.469999999999999986e-05,2.069999999999999832e-05,2.799999999999999958e-05,3.680000000000000003e-05,4.690000000000000158e-05,6.250000000000000130e-05,8.289999999999999572e-05,1.119999999999999983e-04
6.510000000000000351e-06,7.175843999999999667e+00,2.000000000000000000e+00,4.670000000000000180e-06,9.579999999999999757e-06,1.500000000000000038e-05,2.120000000000000031e-05,2.869999999999999965e-05,3.779999999999999723e-05,4.920000000000000328e-05,6.409999999999999953e-05,8.500000000000000611e-05,1.179999999999999951e-04
6.289999999999999917e-06,7.465201999999999671e+00,2.000000000000000000e+00,4.699999999999999893e-06,9.680000000000000494e-06,1.520000000000000016e-05,2.159999999999999987e-05,2.920000000000000164e-05,3.860000000000000312e-05,5.050000000000000100e-05,6.650000000000000366e-05,8.919999999999999978e-05,1.269999999999999970e-04
1.860000000000000149e-05,5.227548999999999779e+00,2.000000000000000000e+00,9.739999999999999919e-06,2.000000000000000164e-05,3.130000000000000187e-05,4.429999999999999937e-05,5.840000000000000329e-05,7.810000000000000102e-05,1.019999999999999992e-04,1.330000000000000073e-04,1.759999999999999954e-04,2.400000000000000061e-04
4.720000000000000210e-05,6.489455000000000418e+00,2.000000000000000000e+00,3.059999999999999840e-05,6.179999999999999784e-05,9.710000000000000206e-05,1.379999999999999933e-04,1.859999999999999945e-04,2.449999999999999921e-04,3.209999999999999963e-04,4.189999999999999931e-04,5.559999999999999621e-04,7.720000000000000083e-04
2.419999999999999869e-05,5.405978000000000172e+00,2.000000000000000000e+00,1.309999999999999994e-05,2.669999999999999847e-05,4.179999999999999959e-05,5.890000000000000189e-05,7.789999999999999616e-05,1.029999999999999964e-04,1.330000000000000073e-04,1.720000000000000066e-04,2.229999999999999994e-04,2.990000000000000036e-04
5.920000000000000240e-05,4.289794999999999803e+00,2.000000000000000000e+00,2.540000000000000076e-05,5.089999999999999717e-05,8.000000000000000654e-05,1.129999999999999955e-04,1.520000000000000084e-04,1.990000000000000124e-04,2.559999999999999884e-04,3.280000000000000038e-04,4.220000000000000118e-04,5.519999999999999733e-04
5.929999999999999806e-05,6.152497000000000327e+00,2.000000000000000000e+00,3.649999999999999951e-05,7.519999999999999829e-05,1.169999999999999979e-04,1.659999999999999963e-04,2.249999999999999938e-04,2.979999999999999793e-04,3.930000000000000117e-04,5.199999999999999544e-04,7.010000000000000172e-04,1.000000000000000021e-03
1.040000000000000038e-05,4.681599000000000288e+00,2.000000000000000000e+00,4.889999999999999768e-06,1.000000000000000082e-05,1.559999999999999972e-05,2.209999999999999847e-05,2.970000000000000024e-05,3.880000000000000121e-05,5.020000000000000048e-05,6.449999999999999570e-05,8.349999999999999675e-05,1.110000000000000011e-04
8.169999999999999366e-05,5.260499000000000258e+00,2.000000000000000000e+00,4.300000000000000165e-05,8.849999999999999631e-05,1.369999999999999961e-04,1.949999999999999965e-04,2.629999999999999959e-04,3.480000000000000020e-04,4.560000000000000251e-04,5.980000000000000072e-04,7.979999999999999897e-04,1.119999999999999902e-03
1.129999999999999955e-04,4.861919999999999575e+00,2.000000000000000000e+00,5.509999999999999761e-05,1.129999999999999955e-04,1.759999999999999954e-04,2.489999999999999809e-04,3.350000000000000113e-04,4.420000000000000101e-04,5.760000000000000146e-04,7.500000000000000156e-04,9.890000000000000787e-04,1.350000000000000071e-03
4.109999999999999613e-06,7.860700999999999716e+00,2.000000000000000000e+00,3.229999999999999991e-06,6.630000000000000049e-06,1.040000000000000038e-05,1.480000000000000060e-05,2.000000000000000164e-05,2.650000000000000039e-05,3.430000000000000025e-05,4.569999999999999952e-05,6.150000000000000410e-05,8.729999999999999425e-05
5.649999999999999776e-05,5.495563999999999893e+00,2.000000000000000000e+00,3.109999999999999700e-05,6.380000000000000580e-05,9.840000000000000656e-05,1.399999999999999877e-04,1.890000000000000133e-04,2.489999999999999809e-04,3.249999999999999851e-04,4.240000000000000062e-04,5.619999999999999996e-04,7.739999999999999485e-04
1.119999999999999983e-04,5.061450999999999922e+00,2.000000000000000000e+00,5.690000000000000071e-05,1.169999999999999979e-04,1.820000000000000057e-04,2.579999999999999828e-04,3.480000000000000020e-04,4.600000000000000139e-04,6.030000000000000204e-04,7.900000000000000121e-04,1.049999999999999935e-03,1.459999999999999926e-03
3.330000000000000305e-05,5.000662000000000162e+00,2.000000000000000000e+00,1.660000000000000031e-05,3.330000000000000305e-05,5.360000000000000181e-05,7.459999999999999726e-05,1.010000000000000020e-04,1.340000000000000045e-04,1.749999999999999982e-04,2.280000000000000126e-04,3.009999999999999980e-04,4.139999999999999800e-04
6.360000000000000093e-05,6.126985000000000348e+00,2.000000000000000000e+00,3.899999999999999929e-05,8.009999999999999542e-05,1.240000000000000054e-04,1.759999999999999954e-04,2.380000000000000117e-04,3.150000000000000131e-04,4.119999999999999856e-04,5.400000000000000069e-04,7.209999999999999612e-04,1.010000000000000047e-03
1.849999999999999906e-05,6.213924999999999699e+00,2.000000000000000000e+00,1.150000000000000001e-05,2.360000000000000105e-05,3.690000000000000246e-05,5.229999999999999732e-05,6.930000000000000396e-05,9.239999999999999624e-05,1.210000000000000002e-04,1.589999999999999888e-04,2.130000000000000003e-04,2.950000000000000148e-04
8.339999999999999771e-06,5.566275000000000084e+00,2.000000000000000000e+00,4.639999999999999621e-06,9.520000000000000332e-06,1.489999999999999964e-05,2.099999999999999884e-05,2.830000000000000010e-05,3.669999999999999760e-05,4.819999999999999930e-05,6.250000000000000130e-05,8.179999999999999609e-05,1.110000000000000011e-04
7.389999999999999380e-05,5.345956000000000152e+00,2.000000000000000000e+00,3.949999999999999789e-05,8.139999999999999992e-05,1.259999999999999998e-04,1.789999999999999870e-04,2.420000000000000005e-04,3.209999999999999963e-04,4.200000000000000174e-04,5.519999999999999733e-04,7.380000000000000492e-04,1.039999999999999909e-03
3.410000000000000216e-05,7.304066999999999865e+00,2.000000000000000000e+00,2.489999999999999877e-05,5.030000000000000291e-05,7.940000000000000551e-05,1.129999999999999955e-04,1.530000000000000056e-04,2.030000000000000012e-04,2.680000000000000090e-04,3.539999999999999853e-04,4.780000000000000178e-04,6.849999999999999535e-04
7.229999999999999556e-05,4.774689999999999657e+00,2.000000000000000000e+00,3.449999999999999833e-05,7.179999999999999696e-05,1.129999999999999955e-04,1.600000000000000131e-04,2.159999999999999919e-04,2.849999999999999886e-04,3.730000000000000134e-04,4.889999999999999599e-04,6.499999999999999702e-04,9.030000000000000483e-04
8.139999999999999992e-05,6.388334000000000401e+00,2.000000000000000000e+00,5.199999999999999680e-05,1.069999999999999988e-04,1.640000000000000019e-04,2.329999999999999986e-04,3.150000000000000131e-04,4.159999999999999744e-04,5.419999999999999471e-04,7.060000000000000303e-04,9.349999999999999587e-04,1.289999999999999914e-03
4.459999999999999989e-05,4.237845000000000084e+00,2.000000000000000000e+00,1.889999999999999862e-05,3.789999999999999966e-05,5.950000000000000292e-05,8.440000000000000507e-05,1.140000000000000063e-04,1.489999999999999897e-04,1.930000000000000021e-04,2.469999999999999865e-04,3.200000000000000262e-04,4.240000000000000062e-04
8.299999999999999815e-05,4.530948999999999671e+00,2.000000000000000000e+00,3.759999999999999915e-05,7.720000000000000625e-05,1.190000000000000058e-04,1.689999999999999879e-04,2.280000000000000126e-04,2.990000000000000036e-04,3.890000000000000228e-04,5.029999999999999749e-04,6.579999999999999478e-04,8.880000000000000089e-04
1.740000000000000010e-04,4.370555000000000412e+00,2.000000000000000000e+00,7.619999999999999549e-05,1.559999999999999972e-04,2.410000000000000033e-04,3.400000000000000244e-04,4.569999999999999952e-04,5.990000000000000316e-04,7.720000000000000083e-04,9.890000000000000787e-04,1.280000000000000105e-03,1.670000000000000043e-03
1.949999999999999965e-04,4.360979999999999634e+00,2.000000000000000000e+00,8.519999999999999742e-05,1.749999999999999982e-04,2.719999999999999979e-04,3.829999999999999854e-04,5.169999999999999899e-04,6.819999999999999890e-04,8.880000000000000089e-04,1.149999999999999981e-03,1.510000000000000057e-03,2.020000000000000094e-03
9.209999999999999911e-06,7.745366999999999891e+00,2.000000000000000000e+00,7.130000000000000344e-06,1.469999999999999986e-05,2.309999999999999906e-05,3.279999999999999767e-05,4.440000000000000180e-05,5.739999999999999931e-05,7.700000000000000139e-05,1.029999999999999964e-04,1.389999999999999905e-04,2.010000000000000068e-04
4.059999999999999753e-05,5.436211000000000126e+00,2.000000000000000000e+00,2.209999999999999847e-05,4.530000000000000335e-05,6.980000000000000256e-05,9.950000000000000619e-05,1.340000000000000045e-04,1.769999999999999926e-04,2.320000000000000014e-04,3.020000000000000223e-04,4.009999999999999893e-04,5.519999999999999733e-04
1.079999999999999960e-04,4.916063000000000294e+00,2.000000000000000000e+00,5.289999999999999835e-05,1.090000000000000067e-04,1.689999999999999879e-04,2.390000000000000089e-04,3.229999999999999907e-04,4.260000000000000006e-04,5.559999999999999621e-04,7.259999999999999743e-04,9.600000000000000243e-04,1.319999999999999993e-03
1.029999999999999964e-05,5.183708000000000204e+00,2.000000000000000000e+00,5.319999999999999886e-06,1.090000000000000067e-05,1.699999999999999987e-05,2.400000000000000061e-05,3.219999999999999664e-05,4.169999999999999716e-05,5.440000000000000093e-05,6.990000000000000499e-05,9.040000000000000184e-05,1.200000000000000030e-04
3.300000000000000253e-05,6.211113000000000106e+00,2.000000000000000000e+00,2.050000000000000024e-05,4.220000000000000254e-05,6.490000000000000543e-05,9.280000000000000597e-05,1.259999999999999998e-04,1.659999999999999963e-04,2.180000000000000134e-04,2.880000000000000073e-04,3.860000000000000041e-04,5.429999999999999714e-04
2.030000000000000012e-04,4.291146000000000349e+00,2.000000000000000000e+00,8.700000000000000051e-05,1.779999999999999898e-04,2.759999999999999867e-04,3.899999999999999929e-04,5.259999999999999919e-04,6.930000000000000396e-04,8.989999999999999511e-04,1.160000000000000007e-03,1.520000000000000084e-03,2.010000000000000068e-03
2.739999999999999855e-05,8.150392999999999333e+00,2.000000000000000000e+00,2.239999999999999899e-05,4.610000000000000247e-05,7.220000000000000669e-05,1.010000000000000020e-04,1.379999999999999933e-04,1.830000000000000029e-04,2.429999999999999977e-04,3.229999999999999907e-04,4.409999999999999858e-04,6.409999999999999682e-04
8.880000000000000360e-05,6.639747999999999983e+00,2.000000000000000000e+00,5.890000000000000189e-05,1.210000000000000002e-04,1.869999999999999917e-04,2.660000000000000146e-04,3.600000000000000227e-04,4.769999999999999934e-04,6.260000000000000373e-04,8.229999999999999469e-04,1.100000000000000066e-03,1.529999999999999893e-03
2.139999999999999840e-05,5.007982000000000156e+00,2.000000000000000000e+00,1.069999999999999920e-05,2.190000000000000039e-05,3.430000000000000025e-05,4.839999999999999739e-05,6.380000000000000580e-05,8.490000000000000368e-05,1.100000000000000039e-04,1.430000000000000064e-04,1.869999999999999917e-04,2.500000000000000052e-04
2.610000000000000083e-05,4.548173000000000243e+00,2.000000000000000000e+00,1.189999999999999957e-05,2.440000000000000017e-05,3.809999999999999775e-05,5.310000000000000321e-05,7.160000000000000565e-05,9.440000000000000420e-05,1.230000000000000082e-04,1.579999999999999916e-04,2.059999999999999928e-04,2.770000000000000110e-04
1.879999999999999957e-05,6.585240999999999900e+00,2.000000000000000000e+00,1.239999999999999986e-05,2.529999999999999833e-05,3.960000000000000033e-05,5.589999999999999673e-05,7.380000000000000492e-05,9.840000000000000656e-05,1.279999999999999942e-04,1.669999999999999935e-04,2.200000000000000078e-04,3.020000000000000223e-04
8.990000000000000324e-06,6.540170999999999957e+00,2.000000000000000000e+00,5.879999999999999607e-06,1.209999999999999935e-05,1.889999999999999862e-05,2.680000000000000090e-05,3.539999999999999988e-05,4.720000000000000210e-05,6.219999999999999401e-05,8.110000000000000618e-05,1.079999999999999960e-04,1.499999999999999869e-04
2.850000000000000157e-05,5.785135999999999612e+00,2.000000000000000000e+00,1.650000000000000127e-05,3.290000000000000010e-05,5.289999999999999835e-05,7.299999999999999903e-05,9.959999999999999507e-05,1.310000000000000129e-04,1.710000000000000094e-04,2.210000000000000050e-04,2.910000000000000260e-04,3.950000000000000061e-04
6.550000000000000646e-05,6.089452999999999783e+00,2.000000000000000000e+00,3.990000000000000084e-05,8.169999999999999366e-05,1.259999999999999998e-04,1.779999999999999898e-04,2.400000000000000061e-04,3.159999999999999832e-04,4.110000000000000155e-04,5.320000000000000293e-04,6.989999999999999686e-04,9.539999999999999869e-04
1.230000000000000082e-04,5.125123000000000317e+00,2.000000000000000000e+00,6.289999999999999747e-05,1.289999999999999914e-04,2.000000000000000096e-04,2.829999999999999942e-04,3.809999999999999910e-04,5.029999999999999749e-04,6.560000000000000076e-04,8.540000000000000499e-04,1.129999999999999928e-03,1.529999999999999893e-03
2.879999999999999870e-05,6.598004999999999676e+00,2.000000000000000000e+00,1.900000000000000105e-05,3.809999999999999775e-05,6.000000000000000152e-05,8.550000000000000471e-05,1.150000000000000035e-04,1.520000000000000084e-04,1.990000000000000124e-04,2.599999999999999772e-04,3.460000000000000076e-04,4.789999999999999879e-04
1.590000000000000023e-05,6.826588000000000100e+00,2.000000000000000000e+00,1.090000000000000067e-05,2.229999999999999994e-05,3.490000000000000128e-05,4.940000000000000136e-05,6.519999999999999917e-05,8.700000000000000051e-05,1.140000000000000063e-04,1.489999999999999897e-04,1.969999999999999909e-04,2.739999999999999923e-04
9.469999999999999794e-05,4.517773000000000039e+00,2.000000000000000000e+00,4.279999999999999679e-05,8.689999999999999808e-05,1.369999999999999961e-04,1.939999999999999993e-04,2.610000000000000015e-04,3.440000000000000132e-04,4.479999999999999933e-04,5.839999999999999922e-04,7.709999999999999840e-04,1.059999999999999961e-03
1.769999999999999926e-04,4.568455000000000155e+00,2.000000000000000000e+00,8.110000000000000618e-05,1.669999999999999935e-04,2.610000000000000015e-04,3.669999999999999760e-04,4.949999999999999973e-04,6.549999999999999833e-04,8.580000000000000387e-04,1.119999999999999902e-03,1.490000000000000005e-03,2.020000000000000094e-03
1.299999999999999886e-04,4.866328000000000209e+00,2.000000000000000000e+00,6.349999999999999850e-05,1.299999999999999886e-04,2.010000000000000068e-04,2.829999999999999942e-04,3.809999999999999910e-04,5.010000000000000347e-04,6.470000000000000057e-04,8.329999999999999731e-04,1.080000000000000014e-03,1.440000000000000091e-03
8.760000000000000154e-05,6.434712000000000209e+00,2.000000000000000000e+00,5.640000000000000211e-05,1.160000000000000007e-04,1.789999999999999870e-04,2.539999999999999940e-04,3.429999999999999889e-04,4.550000000000000008e-04,5.959999999999999586e-04,7.810000000000000102e-04,1.039999999999999909e-03,1.440000000000000091e-03
3.070000000000000083e-05,8.118850999999999374e+00,2.000000000000000000e+00,2.489999999999999877e-05,5.140000000000000254e-05,7.920000000000000065e-05,1.129999999999999955e-04,1.540000000000000028e-04,2.049999999999999956e-04,2.709999999999999735e-04,3.609999999999999928e-04,4.920000000000000328e-04,7.169999999999999724e-04
1.410000000000000053e-05,6.088428999999999647e+00,2.000000000000000000e+00,8.600000000000000670e-06,1.760000000000000090e-05,2.760000000000000002e-05,3.899999999999999929e-05,5.250000000000000218e-05,6.799999999999999946e-05,8.909999999999999734e-05,1.160000000000000007e-04,1.530000000000000056e-04,2.079999999999999872e-04
1.889999999999999862e-05,6.168675999999999604e+00,2.000000000000000000e+00,1.169999999999999979e-05,2.390000000000000157e-05,3.729999999999999863e-05,5.259999999999999783e-05,6.949999999999999527e-05,9.239999999999999624e-05,1.200000000000000030e-04,1.559999999999999972e-04,2.049999999999999956e-04,2.790000000000000054e-04
4.660000000000000107e-05,5.446640000000000370e+00,2.000000000000000000e+00,2.540000000000000076e-05,5.310000000000000321e-05,8.359999999999999918e-05,1.190000000000000058e-04,1.610000000000000103e-04,2.130000000000000003e-04,2.799999999999999755e-04,3.690000000000000246e-04,4.939999999999999730e-04,6.960000000000000041e-04
1.169999999999999979e-05,8.184139999999999304e+00,2.000000000000000000e+00,9.599999999999999566e-06,1.980000000000000016e-05,3.109999999999999700e-05,4.410000000000000129e-05,5.810000000000000277e-05,7.830000000000000588e-05,1.039999999999999936e-04,1.379999999999999933e-04,1.890000000000000133e-04,2.730000000000000222e-04
3.479999999999999885e-05,6.861683000000000199e+00,2.000000000000000000e+00,2.390000000000000157e-05,4.819999999999999930e-05,7.590000000000000175e-05,1.079999999999999960e-04,1.459999999999999981e-04,1.930000000000000021e-04,2.530000000000000239e-04,3.319999999999999926e-04,4.449999999999999746e-04,6.250000000000000130e-04
1.150000000000000035e-04,4.716009999999999813e+00,2.000000000000000000e+00,5.429999999999999850e-05,1.110000000000000011e-04,1.720000000000000066e-04,2.439999999999999949e-04,3.280000000000000038e-04,4.319999999999999838e-04,5.599999999999999509e-04,7.249999999999999500e-04,9.479999999999999495e-04,1.280000000000000105e-03
1.259999999999999998e-04,5.049150000000000027e+00,2.000000000000000000e+00,6.380000000000000580e-05,1.310000000000000129e-04,2.039999999999999984e-04,2.889999999999999774e-04,3.910000000000000172e-04,5.180000000000000143e-04,6.780000000000000002e-04,8.899999999999999491e-04,1.190000000000000085e-03,1.639999999999999965e-03
8.500000000000000611e-05,5.892775999999999570e+00,2.000000000000000000e+00,5.009999999999999805e-05,1.029999999999999964e-04,1.579999999999999916e-04,2.249999999999999938e-04,3.029999999999999924e-04,3.989999999999999949e-04,5.199999999999999544e-04,6.750000000000000357e-04,8.899999999999999491e-04,1.219999999999999947e-03
8.059999999999999402e-05,4.343563999999999758e+00,2.000000000000000000e+00,3.499999999999999693e-05,7.179999999999999696e-05,1.110000000000000011e-04,1.569999999999999944e-04,2.110000000000000059e-04,2.770000000000000110e-04,3.579999999999999741e-04,4.609999999999999840e-04,5.990000000000000316e-04,7.979999999999999897e-04
1.569999999999999876e-05,5.290453000000000294e+00,2.000000000000000000e+00,8.319999999999999962e-06,1.709999999999999891e-05,2.689999999999999995e-05,3.809999999999999775e-05,5.089999999999999717e-05,6.719999999999999357e-05,8.839999999999999388e-05,1.160000000000000007e-04,1.550000000000000000e-04,2.159999999999999919e-04
1.110000000000000045e-05,5.692292000000000129e+00,2.000000000000000000e+00,6.340000000000000285e-06,1.299999999999999920e-05,2.040000000000000119e-05,2.890000000000000113e-05,3.910000000000000172e-05,5.149999999999999820e-05,6.650000000000000366e-05,8.770000000000000397e-05,1.160000000000000007e-04,1.610000000000000103e-04
1.009999999999999986e-05,7.085149000000000363e+00,2.000000000000000000e+00,7.150000000000000153e-06,1.469999999999999986e-05,2.309999999999999906e-05,3.270000000000000201e-05,4.419999999999999694e-05,5.720000000000000122e-05,7.660000000000000522e-05,1.010000000000000020e-04,1.350000000000000017e-04,1.910000000000000077e-04
2.190000000000000039e-05,6.621237999999999957e+00,2.000000000000000000e+00,1.450000000000000009e-05,2.989999999999999833e-05,4.610000000000000247e-05,6.580000000000000020e-05,8.899999999999999491e-05,1.179999999999999951e-04,1.559999999999999972e-04,2.069999999999999900e-04,2.790000000000000054e-04,3.980000000000000248e-04
3.559999999999999797e-05,5.719939000000000107e+00,2.000000000000000000e+00,2.040000000000000119e-05,4.100000000000000047e-05,6.490000000000000543e-05,9.239999999999999624e-05,1.250000000000000026e-04,1.659999999999999963e-04,2.169999999999999891e-04,2.860000000000000129e-04,3.840000000000000097e-04,5.410000000000000312e-04
1.169999999999999979e-05,5.944328999999999752e+00,2.000000000000000000e+00,6.939999999999999622e-06,1.430000000000000031e-05,2.239999999999999899e-05,3.169999999999999804e-05,4.220000000000000254e-05,5.610000000000000159e-05,7.320000000000000389e-05,9.679999999999999477e-05,1.299999999999999886e-04,1.800000000000000113e-04
3.320000000000000062e-05,7.532585000000000086e+00,2.000000000000000000e+00,2.500000000000000120e-05,5.140000000000000254e-05,8.050000000000000515e-05,1.119999999999999983e-04,1.530000000000000056e-04,2.030000000000000012e-04,2.669999999999999847e-04,3.510000000000000208e-04,4.719999999999999803e-04,6.700000000000000226e-04
1.630000000000000047e-04,4.872919999999999696e+00,2.000000000000000000e+00,7.940000000000000551e-05,1.630000000000000047e-04,2.550000000000000183e-04,3.589999999999999984e-04,4.850000000000000253e-04,6.419999999999999925e-04,8.400000000000000348e-04,1.100000000000000066e-03,1.449999999999999900e-03,1.979999999999999989e-03
2.949999999999999877e-05,6.804692000000000185e+00,2.000000000000000000e+00,2.010000000000000068e-05,4.110000000000000290e-05,6.430000000000000440e-05,8.930000000000000221e-05,1.210000000000000002e-04,1.600000000000000131e-04,2.090000000000000115e-04,2.719999999999999979e-04,3.609999999999999928e-04,4.979999999999999618e-04
1.609999999999999832e-05,4.523412000000000432e+00,2.000000000000000000e+00,7.269999999999999851e-06,1.500000000000000038e-05,2.339999999999999958e-05,3.320000000000000062e-05,4.470000000000000232e-05,5.789999999999999791e-05,7.610000000000000661e-05,9.909999999999999647e-05,1.310000000000000129e-04,1.789999999999999870e-04
6.889999999999999424e-05,6.993260000000000254e+00,2.000000000000000000e+00,4.819999999999999930e-05,9.870000000000000030e-05,1.520000000000000084e-04,2.159999999999999919e-04,2.919999999999999961e-04,3.860000000000000041e-04,5.050000000000000235e-04,6.589999999999999721e-04,8.769999999999999584e-04,1.219999999999999947e-03
1.710000000000000094e-04,4.359860000000000291e+00,2.000000000000000000e+00,7.469999999999999969e-05,1.530000000000000056e-04,2.359999999999999902e-04,3.339999999999999870e-04,4.479999999999999933e-04,5.879999999999999810e-04,7.590000000000000175e-04,9.740000000000000394e-04,1.260000000000000052e-03,1.660000000000000017e-03
2.879999999999999870e-05,5.274441000000000379e+00,2.000000000000000000e+00,1.520000000000000016e-05,3.109999999999999700e-05,4.789999999999999879e-05,6.779999999999999460e-05,9.189999999999999764e-05,1.210000000000000002e-04,1.569999999999999944e-04,2.039999999999999984e-04,2.689999999999999791e-04,3.649999999999999816e-04
1.840000000000000001e-05,4.737701999999999636e+00,2.000000000000000000e+00,8.699999999999999712e-06,1.790000000000000141e-05,2.799999999999999958e-05,3.960000000000000033e-05,5.280000000000000269e-05,6.959999999999999770e-05,9.100000000000000287e-05,1.179999999999999951e-04,1.559999999999999972e-04,2.130000000000000003e-04
1.709999999999999891e-05,7.239625000000000199e+00,2.000000000000000000e+00,1.239999999999999986e-05,2.540000000000000076e-05,3.979999999999999841e-05,5.550000000000000056e-05,7.530000000000000072e-05,9.899999999999999404e-05,1.299999999999999886e-04,1.700000000000000122e-04,2.269999999999999882e-04,3.159999999999999832e-04
7.019999999999999873e-05,7.613107000000000291e+00,2.000000000000000000e+00,5.349999999999999938e-05,1.100000000000000039e-04,1.700000000000000122e-04,2.420000000000000005e-04,3.280000000000000038e-04,4.369999999999999970e-04,5.770000000000000389e-04,7.630000000000000063e-04,1.030000000000000100e-03,1.459999999999999926e-03
1.469999999999999953e-04,5.690426999999999680e+00,2.000000000000000000e+00,8.349999999999999675e-05,1.710000000000000094e-04,2.669999999999999847e-04,3.759999999999999779e-04,5.050000000000000235e-04,6.669999999999999497e-04,8.710000000000000294e-04,1.129999999999999928e-03,1.479999999999999979e-03,1.979999999999999989e-03
4.679999999999999915e-05,5.906762999999999764e+00,2.000000000000000000e+00,2.760000000000000002e-05,5.569999999999999864e-05,8.770000000000000397e-05,1.240000000000000054e-04,1.679999999999999907e-04,2.210000000000000050e-04,2.880000000000000073e-04,3.759999999999999779e-04,4.970000000000000459e-04,6.830000000000000134e-04
6.899999999999999667e-05,6.070566999999999602e+00,2.000000000000000000e+00,4.190000000000000202e-05,8.590000000000000088e-05,1.320000000000000101e-04,1.879999999999999890e-04,2.539999999999999940e-04,3.350000000000000113e-04,4.369999999999999970e-04,5.680000000000000370e-04,7.510000000000000399e-04,1.039999999999999909e-03
3.649999999999999951e-05,6.187013000000000318e+00,2.000000000000000000e+00,2.260000000000000046e-05,4.619999999999999812e-05,7.210000000000000425e-05,1.000000000000000048e-04,1.359999999999999989e-04,1.789999999999999870e-04,2.329999999999999986e-04,3.009999999999999980e-04,3.970000000000000005e-04,5.400000000000000069e-04
1.200000000000000030e-05,5.241083999999999854e+00,2.000000000000000000e+00,6.289999999999999917e-06,1.290000000000000016e-05,2.010000000000000068e-05,2.839999999999999914e-05,3.820000000000000018e-05,5.000000000000000240e-05,6.470000000000000057e-05,8.339999999999999432e-05,1.079999999999999960e-04,1.450000000000000009e-04
6.759999999999999652e-06,5.696201000000000292e+00,2.000000000000000000e+00,3.850000000000000408e-06,7.910000000000000500e-06,1.239999999999999986e-05,1.749999999999999847e-05,2.360000000000000105e-05,3.109999999999999700e-05,4.009999999999999893e-05,5.239999999999999975e-05,6.909999999999999910e-05,9.459999999999999551e-05
1.150000000000000001e-05,6.177037999999999585e+00,2.000000000000000000e+00,7.079999999999999976e-06,1.450000000000000009e-05,2.260000000000000046e-05,3.199999999999999855e-05,4.240000000000000062e-05,5.619999999999999725e-05,7.289999999999999660e-05,9.480000000000000037e-05,1.240000000000000054e-04,1.689999999999999879e-04
7.330000000000000632e-05,7.889428999999999803e+00,2.000000000000000000e+00,5.780000000000000225e-05,1.190000000000000058e-04,1.849999999999999973e-04,2.629999999999999959e-04,3.570000000000000040e-04,4.769999999999999934e-04,6.319999999999999663e-04,8.429999999999999993e-04,1.139999999999999954e-03,1.619999999999999912e-03
8.160000000000000478e-05,4.874386000000000330e+00,2.000000000000000000e+00,3.979999999999999841e-05,8.169999999999999366e-05,1.259999999999999998e-04,1.789999999999999870e-04,2.410000000000000033e-04,3.179999999999999776e-04,4.139999999999999800e-04,5.370000000000000424e-04,7.060000000000000303e-04,9.629999999999999888e-04
1.520000000000000084e-04,4.470894999999999619e+00,2.000000000000000000e+00,6.779999999999999460e-05,1.389999999999999905e-04,2.139999999999999975e-04,3.020000000000000223e-04,4.060000000000000024e-04,5.330000000000000536e-04,6.880000000000000265e-04,8.829999999999999958e-04,1.139999999999999954e-03,1.510000000000000057e-03
2.540000000000000076e-05,5.202583999999999875e+00,2.000000000000000000e+00,1.320000000000000067e-05,2.710000000000000142e-05,4.240000000000000062e-05,5.849999999999999894e-05,7.990000000000000411e-05,1.050000000000000044e-04,1.369999999999999961e-04,1.769999999999999926e-04,2.329999999999999986e-04,3.139999999999999888e-04
5.429999999999999850e-05,7.836248000000000324e+00,2.000000000000000000e+00,4.259999999999999871e-05,8.739999999999999668e-05,1.350000000000000017e-04,1.920000000000000049e-04,2.599999999999999772e-04,3.460000000000000076e-04,4.560000000000000251e-04,6.019999999999999961e-04,8.130000000000000291e-04,1.160000000000000007e-03
3.119999999999999944e-05,7.829320000000000057e+00,2.000000000000000000e+00,2.440000000000000017e-05,4.929999999999999893e-05,7.779999999999999373e-05,1.100000000000000039e-04,1.499999999999999869e-04,1.990000000000000124e-04,2.629999999999999959e-04,3.490000000000000263e-04,4.739999999999999747e-04,6.819999999999999890e-04
1.870000000000000053e-05,4.620091999999999643e+00,2.000000000000000000e+00,8.640000000000000287e-06,1.769999999999999994e-05,2.780000000000000149e-05,3.929999999999999981e-05,5.229999999999999732e-05,6.889999999999999424e-05,9.000000000000000567e-05,1.169999999999999979e-04,1.540000000000000028e-04,2.090000000000000115e-04
1.140000000000000063e-04,4.852045000000000385e+00,2.000000000000000000e+00,5.509999999999999761e-05,1.140000000000000063e-04,1.800000000000000113e-04,2.550000000000000183e-04,3.449999999999999833e-04,4.560000000000000251e-04,5.990000000000000316e-04,7.870000000000000476e-04,1.049999999999999935e-03,1.469999999999999953e-03
1.939999999999999993e-04,4.657771999999999579e+00,2.000000000000000000e+00,9.040000000000000184e-05,1.849999999999999973e-04,2.880000000000000073e-04,4.040000000000000080e-04,5.450000000000000200e-04,7.179999999999999967e-04,9.319999999999999942e-04,1.199999999999999895e-03,1.559999999999999972e-03,2.069999999999999792e-03
1.469999999999999953e-04,4.520805000000000184e+00,2.000000000000000000e+00,6.640000000000000123e-05,1.359999999999999989e-04,2.100000000000000087e-04,2.959999999999999849e-04,3.980000000000000248e-04,5.209999999999999788e-04,6.719999999999999628e-04,8.610000000000000032e-04,1.110000000000000092e-03,1.459999999999999926e-03
6.420000000000000197e-05,4.903609999999999580e+00,2.000000000000000000e+00,3.149999999999999995e-05,6.449999999999999570e-05,9.950000000000000619e-05,1.410000000000000120e-04,1.900000000000000105e-04,2.500000000000000052e-04,3.249999999999999851e-04,4.209999999999999875e-04,5.509999999999999490e-04,7.450000000000000025e-04
5.640000000000000211e-06,6.551790999999999698e+00,2.000000000000000000e+00,3.700000000000000150e-06,7.580000000000000271e-06,1.189999999999999957e-05,1.679999999999999839e-05,2.269999999999999950e-05,3.000000000000000076e-05,3.910000000000000172e-05,5.099999999999999960e-05,6.770000000000000572e-05,9.450000000000000663e-05
8.279999999999999329e-05,5.676090000000000302e+00,2.000000000000000000e+00,4.699999999999999724e-05,9.650000000000000103e-05,1.489999999999999897e-04,2.110000000000000059e-04,2.849999999999999886e-04,3.759999999999999779e-04,4.910000000000000085e-04,6.390000000000000280e-04,8.450000000000000479e-04,1.160000000000000007e-03
5.899999999999999754e-05,6.835460000000000313e+00,2.000000000000000000e+00,4.029999999999999701e-05,8.320000000000000301e-05,1.289999999999999914e-04,1.840000000000000001e-04,2.489999999999999809e-04,3.319999999999999926e-04,4.389999999999999914e-04,5.829999999999999679e-04,7.940000000000000009e-04,1.149999999999999981e-03
4.220000000000000254e-05,6.000473999999999641e+00,2.000000000000000000e+00,2.529999999999999833e-05,5.110000000000000203e-05,8.050000000000000515e-05,1.140000000000000063e-04,1.540000000000000028e-04,2.039999999999999984e-04,2.669999999999999847e-04,3.490000000000000263e-04,4.629999999999999784e-04,6.430000000000000169e-04
1.830000000000000097e-05,7.167019999999999946e+00,2.000000000000000000e+00,1.309999999999999994e-05,2.689999999999999995e-05,4.110000000000000290e-05,5.849999999999999894e-05,7.870000000000000205e-05,1.050000000000000044e-04,1.369999999999999961e-04,1.789999999999999870e-04,2.359999999999999902e-04,3.280000000000000038e-04
5.030000000000000291e-05,5.012256999999999962e+00,2.000000000000000000e+00,2.519999999999999928e-05,5.179999999999999871e-05,7.969999999999999925e-05,1.129999999999999955e-04,1.530000000000000056e-04,2.010000000000000068e-04,2.610000000000000015e-04,3.379999999999999758e-04,4.440000000000000045e-04,6.009999999999999717e-04
2.429999999999999977e-04,4.246360000000000134e+00,2.000000000000000000e+00,1.029999999999999964e-04,2.110000000000000059e-04,3.260000000000000094e-04,4.609999999999999840e-04,6.210000000000000242e-04,8.159999999999999936e-04,1.059999999999999961e-03,1.360000000000000098e-03,1.750000000000000036e-03,2.289999999999999935e-03
9.500000000000000523e-05,6.511904999999999610e+00,2.000000000000000000e+00,6.190000000000000027e-05,1.269999999999999970e-04,1.979999999999999881e-04,2.809999999999999998e-04,3.820000000000000153e-04,5.079999999999999880e-04,6.719999999999999628e-04,8.919999999999999978e-04,1.199999999999999895e-03,1.699999999999999905e-03
1.320000000000000101e-04,5.172634999999999650e+00,2.000000000000000000e+00,6.830000000000000676e-05,1.399999999999999877e-04,2.169999999999999891e-04,3.060000000000000111e-04,4.130000000000000099e-04,5.450000000000000200e-04,7.079999999999999705e-04,9.200000000000000278e-04,1.209999999999999921e-03,1.629999999999999939e-03
3.009999999999999980e-05,4.461072999999999844e+00,2.000000000000000000e+00,1.340000000000000045e-05,2.659999999999999943e-05,4.309999999999999731e-05,6.009999999999999717e-05,8.110000000000000618e-05,1.069999999999999988e-04,1.389999999999999905e-04,1.789999999999999870e-04,2.339999999999999958e-04,3.159999999999999832e-04
1.569999999999999944e-04,4.265681999999999974e+00,2.000000000000000000e+00,6.689999999999999983e-05,1.369999999999999961e-04,2.110000000000000059e-04,2.990000000000000036e-04,4.009999999999999893e-04,5.259999999999999919e-04,6.780000000000000002e-04,8.679999999999999565e-04,1.119999999999999902e-03,1.469999999999999953e-03
7.259999999999999947e-06,7.468642000000000003e+00,2.000000000000000000e+00,5.419999999999999776e-06,1.119999999999999949e-05,1.749999999999999847e-05,2.489999999999999877e-05,3.290000000000000010e-05,4.410000000000000129e-05,5.840000000000000329e-05,7.720000000000000625e-05,1.039999999999999936e-04,1.489999999999999897e-04
3.449999999999999833e-05,6.434148999999999674e+00,2.000000000000000000e+00,2.220000000000000090e-05,4.470000000000000232e-05,7.040000000000000359e-05,9.979999999999999993e-05,1.350000000000000017e-04,1.779999999999999898e-04,2.339999999999999958e-04,3.049999999999999868e-04,4.060000000000000024e-04,5.640000000000000482e-04
1.840000000000000001e-05,4.839630999999999794e+00,2.000000000000000000e+00,8.899999999999999491e-06,1.830000000000000097e-05,2.869999999999999965e-05,4.059999999999999753e-05,5.420000000000000284e-05,7.150000000000000322e-05,9.359999999999999831e-05,1.219999999999999974e-04,1.620000000000000075e-04,2.220000000000000022e-04
1.809999999999999950e-05,5.190839000000000425e+00,2.000000000000000000e+00,9.389999999999999882e-06,1.919999999999999913e-05,3.000000000000000076e-05,4.229999999999999819e-05,5.520000000000000004e-05,7.380000000000000492e-05,9.579999999999999757e-05,1.230000000000000082e-04,1.589999999999999888e-04,2.120000000000000031e-04
8.050000000000000515e-05,5.172035000000000160e+00,2.000000000000000000e+00,4.160000000000000151e-05,8.559999999999999359e-05,1.320000000000000101e-04,1.879999999999999890e-04,2.539999999999999940e-04,3.350000000000000113e-04,4.380000000000000213e-04,5.710000000000000015e-04,7.560000000000000530e-04,1.039999999999999909e-03
1.399999999999999877e-04,4.730718000000000423e+00,2.000000000000000000e+00,6.629999999999999880e-05,1.359999999999999989e-04,2.110000000000000059e-04,2.990000000000000036e-04,4.040000000000000080e-04,5.330000000000000536e-04,6.960000000000000041e-04,9.089999999999999773e-04,1.199999999999999895e-03,1.639999999999999965e-03
1.060000000000000016e-05,6.047012999999999749e+00,2.000000000000000000e+00,6.420000000000000366e-06,1.320000000000000067e-05,2.059999999999999928e-05,2.920000000000000164e-05,3.869999999999999878e-05,5.149999999999999820e-05,6.770000000000000572e-05,8.820000000000000257e-05,1.169999999999999979e-04,1.620000000000000075e-04
5.789999999999999791e-05,5.524436999999999820e+00,2.000000000000000000e+00,3.199999999999999855e-05,6.540000000000000403e-05,1.000000000000000048e-04,1.430000000000000064e-04,1.920000000000000049e-04,2.530000000000000239e-04,3.269999999999999795e-04,4.220000000000000118e-04,5.519999999999999733e-04,7.439999999999999782e-04
1.220000000000000008e-05,4.950657999999999781e+00,2.000000000000000000e+00,6.019999999999999961e-06,1.239999999999999986e-05,1.930000000000000156e-05,2.729999999999999951e-05,3.680000000000000003e-05,4.789999999999999879e-05,6.279999999999999504e-05,8.119999999999999505e-05,1.069999999999999988e-04,1.440000000000000036e-04
1.970000000000000112e-05,5.725470999999999755e+00,2.000000000000000000e+00,1.130000000000000023e-05,2.309999999999999906e-05,3.600000000000000091e-05,5.000000000000000240e-05,6.770000000000000572e-05,8.880000000000000360e-05,1.150000000000000035e-04,1.489999999999999897e-04,1.949999999999999965e-04,2.629999999999999959e-04
1.600000000000000131e-04,5.392019999999999591e+00,2.000000000000000000e+00,8.629999999999999705e-05,1.779999999999999898e-04,2.779999999999999811e-04,3.939999999999999817e-04,5.330000000000000536e-04,7.039999999999999817e-04,9.290000000000000297e-04,1.219999999999999947e-03,1.619999999999999912e-03,2.230000000000000211e-03
1.000000000000000082e-05,5.668498999999999732e+00,2.000000000000000000e+00,5.689999999999999732e-06,1.169999999999999979e-05,1.830000000000000097e-05,2.589999999999999936e-05,3.499999999999999693e-05,4.610000000000000247e-05,5.940000000000000049e-05,7.839999999999999476e-05,1.029999999999999964e-04,1.420000000000000092e-04
2.059999999999999928e-05,7.664812000000000403e+00,2.000000000000000000e+00,1.580000000000000119e-05,3.169999999999999804e-05,5.000000000000000240e-05,7.160000000000000565e-05,9.679999999999999477e-05,1.289999999999999914e-04,1.700000000000000122e-04,2.269999999999999882e-04,3.089999999999999756e-04,4.449999999999999746e-04
2.939999999999999973e-05,4.916731000000000407e+00,2.000000000000000000e+00,1.439999999999999935e-05,2.970000000000000024e-05,4.640000000000000298e-05,6.550000000000000646e-05,8.729999999999999425e-05,1.150000000000000035e-04,1.499999999999999869e-04,1.949999999999999965e-04,2.559999999999999884e-04,3.469999999999999777e-04
6.109999999999999438e-05,4.560868000000000144e+00,2.000000000000000000e+00,2.790000000000000054e-05,5.629999999999999968e-05,8.870000000000000117e-05,1.259999999999999998e-04,1.700000000000000122e-04,2.229999999999999994e-04,2.900000000000000017e-04,3.770000000000000022e-04,4.949999999999999973e-04,6.740000000000000114e-04
2.549999999999999980e-05,5.595608000000000359e+00,2.000000000000000000e+00,1.430000000000000031e-05,2.939999999999999973e-05,4.610000000000000247e-05,6.399999999999999710e-05,8.749999999999999911e-05,1.160000000000000007e-04,1.520000000000000084e-04,1.990000000000000124e-04,2.660000000000000146e-04,3.710000000000000190e-04
1.580000000000000119e-05,7.805082999999999771e+00,2.000000000000000000e+00,1.230000000000000082e-05,2.529999999999999833e-05,3.899999999999999929e-05,5.560000000000000299e-05,7.519999999999999829e-05,1.000000000000000048e-04,1.330000000000000073e-04,1.759999999999999954e-04,2.400000000000000061e-04,3.429999999999999889e-04
1.879999999999999957e-05,5.959728000000000137e+00,2.000000000000000000e+00,1.119999999999999949e-05,2.290000000000000098e-05,3.580000000000000283e-05,5.059999999999999665e-05,6.650000000000000366e-05,8.890000000000000604e-05,1.160000000000000007e-04,1.510000000000000112e-04,1.979999999999999881e-04,2.700000000000000035e-04
1.230000000000000082e-04,5.627759000000000178e+00,2.000000000000000000e+00,6.940000000000000639e-05,1.420000000000000092e-04,2.210000000000000050e-04,3.119999999999999944e-04,4.220000000000000118e-04,5.590000000000000351e-04,7.309999999999999875e-04,9.560000000000000355e-04,1.260000000000000052e-03,1.729999999999999984e-03
1.769999999999999994e-05,6.265971999999999653e+00,2.000000000000000000e+00,1.110000000000000045e-05,2.279999999999999854e-05,3.570000000000000040e-05,5.059999999999999665e-05,6.700000000000000226e-05,8.949999999999999351e-05,1.169999999999999979e-04,1.540000000000000028e-04,2.059999999999999928e-04,2.869999999999999830e-04
4.139999999999999664e-05,7.635104000000000113e+00,2.000000000000000000e+00,3.160000000000000238e-05,6.490000000000000543e-05,1.010000000000000020e-04,1.420000000000000092e-04,1.920000000000000049e-04,2.550000000000000183e-04,3.339999999999999870e-04,4.380000000000000213e-04,5.869999999999999567e-04,8.279999999999999600e-04
4.500000000000000283e-05,8.047577000000000425e+00,2.000000000000000000e+00,3.619999999999999900e-05,7.360000000000000006e-05,1.160000000000000007e-04,1.649999999999999991e-04,2.229999999999999994e-04,2.970000000000000092e-04,3.930000000000000117e-04,5.240000000000000517e-04,7.150000000000000322e-04,1.039999999999999909e-03
9.249999999999999528e-06,4.881433000000000355e+00,2.000000000000000000e+00,4.519999999999999923e-06,9.290000000000000840e-06,1.460000000000000082e-05,2.059999999999999928e-05,2.790000000000000054e-05,3.669999999999999760e-05,4.789999999999999879e-05,6.219999999999999401e-05,8.310000000000000058e-05,1.140000000000000063e-04
1.060000000000000016e-04,6.462837999999999639e+00,2.000000000000000000e+00,6.849999999999999806e-05,1.399999999999999877e-04,2.190000000000000106e-04,3.069999999999999812e-04,4.150000000000000043e-04,5.490000000000000088e-04,7.169999999999999724e-04,9.359999999999999831e-04,1.229999999999999974e-03,1.680000000000000070e-03
3.350000000000000113e-05,7.433209999999999873e+00,2.000000000000000000e+00,2.489999999999999877e-05,5.099999999999999960e-05,7.959999999999999682e-05,1.110000000000000011e-04,1.510000000000000112e-04,1.990000000000000124e-04,2.610000000000000015e-04,3.409999999999999945e-04,4.550000000000000008e-04,6.359999999999999551e-04
2.069999999999999832e-05,5.003118999999999872e+00,2.000000000000000000e+00,1.029999999999999964e-05,2.129999999999999935e-05,3.339999999999999870e-05,4.729999999999999775e-05,6.270000000000000616e-05,8.349999999999999675e-05,1.090000000000000067e-04,1.430000000000000064e-04,1.900000000000000105e-04,2.629999999999999959e-04
1.430000000000000031e-05,5.736855000000000260e+00,2.000000000000000000e+00,8.219999999999999226e-06,1.679999999999999839e-05,2.629999999999999892e-05,3.710000000000000054e-05,5.000000000000000240e-05,6.550000000000000646e-05,8.480000000000000124e-05,1.090000000000000067e-04,1.430000000000000064e-04,1.930000000000000021e-04
1.110000000000000011e-04,6.560036000000000200e+00,2.000000000000000000e+00,7.250000000000000043e-05,1.489999999999999897e-04,2.339999999999999958e-04,3.319999999999999926e-04,4.499999999999999877e-04,5.950000000000000427e-04,7.879999999999999635e-04,1.049999999999999935e-03,1.399999999999999986e-03,1.959999999999999937e-03
4.270000000000000114e-05,4.737048999999999843e+00,2.000000000000000000e+00,2.019999999999999972e-05,4.149999999999999907e-05,6.360000000000000093e-05,9.050000000000000427e-05,1.219999999999999974e-04,1.600000000000000131e-04,2.069999999999999900e-04,2.669999999999999847e-04,3.480000000000000020e-04,4.650000000000000270e-04
8.349999999999999675e-05,5.274312000000000111e+00,2.000000000000000000e+00,4.399999999999999886e-05,9.069999999999999558e-05,1.410000000000000120e-04,2.000000000000000096e-04,2.700000000000000035e-04,3.570000000000000040e-04,4.690000000000000158e-04,6.160000000000000111e-04,8.229999999999999469e-04,1.149999999999999981e-03
1.399999999999999877e-04,6.046196000000000126e+00,2.000000000000000000e+00,8.490000000000000368e-05,1.740000000000000010e-04,2.709999999999999735e-04,3.829999999999999854e-04,5.159999999999999656e-04,6.790000000000000245e-04,8.859999999999999603e-04,1.149999999999999981e-03,1.510000000000000057e-03,2.010000000000000068e-03
1.090000000000000067e-05,7.084285999999999639e+00,2.000000000000000000e+00,7.700000000000000816e-06,1.580000000000000119e-05,2.479999999999999972e-05,3.520000000000000180e-05,4.750000000000000262e-05,6.150000000000000410e-05,8.179999999999999609e-05,1.079999999999999960e-04,1.440000000000000036e-04,2.030000000000000012e-04
2.790000000000000054e-05,6.172798000000000229e+00,2.000000000000000000e+00,1.720000000000000134e-05,3.529999999999999745e-05,5.509999999999999761e-05,7.640000000000000035e-05,1.039999999999999936e-04,1.369999999999999961e-04,1.779999999999999898e-04,2.310000000000000042e-04,3.049999999999999868e-04,4.150000000000000043e-04
3.369999999999999922e-05,5.293878000000000306e+00,2.000000000000000000e+00,1.779999999999999898e-05,3.660000000000000194e-05,5.610000000000000159e-05,8.000000000000000654e-05,1.079999999999999960e-04,1.430000000000000064e-04,1.859999999999999945e-04,2.410000000000000033e-04,3.179999999999999776e-04,4.339999999999999782e-04
4.770000000000000070e-05,4.484281000000000184e+00,2.000000000000000000e+00,2.139999999999999840e-05,4.470000000000000232e-05,7.040000000000000359e-05,9.979999999999999993e-05,1.350000000000000017e-04,1.769999999999999926e-04,2.310000000000000042e-04,2.999999999999999737e-04,3.939999999999999817e-04,5.370000000000000424e-04
1.860000000000000149e-05,7.240245999999999960e+00,2.000000000000000000e+00,1.340000000000000045e-05,2.760000000000000002e-05,4.240000000000000062e-05,6.039999999999999769e-05,8.150000000000000235e-05,1.090000000000000067e-04,1.430000000000000064e-04,1.879999999999999890e-04,2.530000000000000239e-04,3.559999999999999797e-04
1.930000000000000021e-04,4.843872000000000178e+00,2.000000000000000000e+00,9.339999999999999344e-05,1.910000000000000077e-04,2.979999999999999793e-04,4.209999999999999875e-04,5.670000000000000127e-04,7.460000000000000268e-04,9.700000000000000505e-04,1.260000000000000052e-03,1.639999999999999965e-03,2.180000000000000080e-03
1.140000000000000063e-04,4.750975000000000392e+00,2.000000000000000000e+00,5.440000000000000093e-05,1.119999999999999983e-04,1.730000000000000038e-04,2.449999999999999921e-04,3.289999999999999739e-04,4.330000000000000081e-04,5.630000000000000239e-04,7.290000000000000473e-04,9.560000000000000355e-04,1.289999999999999914e-03
5.479999999999999710e-05,4.966661000000000215e+00,2.000000000000000000e+00,2.720000000000000046e-05,5.679999999999999828e-05,8.940000000000000464e-05,1.269999999999999970e-04,1.710000000000000094e-04,2.259999999999999910e-04,2.959999999999999849e-04,3.869999999999999742e-04,5.150000000000000498e-04,7.140000000000000079e-04
9.210000000000000250e-05,5.826414999999999900e+00,2.000000000000000000e+00,5.369999999999999746e-05,1.110000000000000011e-04,1.720000000000000066e-04,2.439999999999999949e-04,3.310000000000000225e-04,4.389999999999999914e-04,5.779999999999999548e-04,7.640000000000000306e-04,1.030000000000000100e-03,1.449999999999999900e-03
6.080000000000000064e-05,4.706824000000000119e+00,2.000000000000000000e+00,2.860000000000000061e-05,5.869999999999999703e-05,9.069999999999999558e-05,1.289999999999999914e-04,1.740000000000000010e-04,2.280000000000000126e-04,2.970000000000000092e-04,3.849999999999999798e-04,5.050000000000000235e-04,6.849999999999999535e-04
1.559999999999999972e-05,6.824957999999999636e+00,2.000000000000000000e+00,1.069999999999999920e-05,2.190000000000000039e-05,3.440000000000000268e-05,4.869999999999999790e-05,6.459999999999999814e-05,8.639999999999999948e-05,1.140000000000000063e-04,1.499999999999999869e-04,2.020000000000000040e-04,2.840000000000000185e-04
2.529999999999999833e-05,5.268436999999999593e+00,2.000000000000000000e+00,1.329999999999999972e-05,2.869999999999999965e-05,4.509999999999999849e-05,6.279999999999999504e-05,8.559999999999999359e-05,1.129999999999999955e-04,1.479999999999999925e-04,1.949999999999999965e-04,2.599999999999999772e-04,3.620000000000000171e-04
1.860000000000000149e-05,4.418807000000000151e+00,2.000000000000000000e+00,8.230000000000000824e-06,1.690000000000000082e-05,2.650000000000000039e-05,3.749999999999999671e-05,5.000000000000000240e-05,6.580000000000000020e-05,8.600000000000000331e-05,1.119999999999999983e-04,1.469999999999999953e-04,2.010000000000000068e-04
1.420000000000000092e-04,5.131829999999999892e+00,2.000000000000000000e+00,7.270000000000000529e-05,1.489999999999999897e-04,2.290000000000000098e-04,3.240000000000000150e-04,4.360000000000000269e-04,5.730000000000000501e-04,7.420000000000000380e-04,9.550000000000000112e-04,1.240000000000000000e-03,1.649999999999999991e-03
4.229999999999999819e-05,7.345639000000000252e+00,2.000000000000000000e+00,3.109999999999999700e-05,6.370000000000000336e-05,9.940000000000000376e-05,1.389999999999999905e-04,1.879999999999999890e-04,2.489999999999999809e-04,3.260000000000000094e-04,4.249999999999999763e-04,5.670000000000000127e-04,7.919999999999999523e-04
8.270000000000000441e-05,6.769293000000000227e+00,2.000000000000000000e+00,5.599999999999999916e-05,1.150000000000000035e-04,1.769999999999999926e-04,2.509999999999999753e-04,3.390000000000000001e-04,4.490000000000000176e-04,5.860000000000000408e-04,7.649999999999999465e-04,1.020000000000000073e-03,1.399999999999999986e-03
9.500000000000000523e-05,6.516989999999999839e+00,2.000000000000000000e+00,6.190000000000000027e-05,1.269999999999999970e-04,1.969999999999999909e-04,2.790000000000000054e-04,3.780000000000000265e-04,5.010000000000000347e-04,6.579999999999999478e-04,8.660000000000000163e-04,1.160000000000000007e-03,1.600000000000000077e-03
3.130000000000000187e-05,5.264478999999999687e+00,2.000000000000000000e+00,1.650000000000000127e-05,3.369999999999999922e-05,5.259999999999999783e-05,7.279999999999999416e-05,9.880000000000000273e-05,1.299999999999999886e-04,1.679999999999999907e-04,2.159999999999999919e-04,2.820000000000000241e-04,3.759999999999999779e-04
4.750000000000000262e-06,7.540682000000000329e+00,2.000000000000000000e+00,3.580000000000000029e-06,7.349999999999999932e-06,1.150000000000000001e-05,1.629999999999999979e-05,2.209999999999999847e-05,2.850000000000000157e-05,3.830000000000000261e-05,4.989999999999999997e-05,6.660000000000000609e-05,9.339999999999999344e-05
4.009999999999999893e-05,6.942010999999999932e+00,2.000000000000000000e+00,2.790000000000000054e-05,5.739999999999999931e-05,8.859999999999999874e-05,1.259999999999999998e-04,1.710000000000000094e-04,2.280000000000000126e-04,2.999999999999999737e-04,3.970000000000000005e-04,5.379999999999999583e-04,7.709999999999999840e-04
1.010000000000000020e-04,5.957709000000000366e+00,2.000000000000000000e+00,6.009999999999999717e-05,1.240000000000000054e-04,1.920000000000000049e-04,2.719999999999999979e-04,3.680000000000000003e-04,4.879999999999999898e-04,6.409999999999999682e-04,8.419999999999999750e-04,1.129999999999999928e-03,1.569999999999999998e-03
2.449999999999999921e-05,4.708422999999999803e+00,2.000000000000000000e+00,1.150000000000000001e-05,2.500000000000000120e-05,3.929999999999999981e-05,5.489999999999999953e-05,7.430000000000000352e-05,9.809999999999999927e-05,1.279999999999999942e-04,1.669999999999999935e-04,2.220000000000000022e-04,3.060000000000000111e-04
4.520000000000000092e-05,5.218486999999999654e+00,2.000000000000000000e+00,2.360000000000000105e-05,4.849999999999999982e-05,7.480000000000000212e-05,1.069999999999999988e-04,1.440000000000000036e-04,1.900000000000000105e-04,2.480000000000000108e-04,3.240000000000000150e-04,4.290000000000000193e-04,5.910000000000000539e-04
1.959999999999999937e-04,4.926841999999999722e+00,2.000000000000000000e+00,9.660000000000000346e-05,1.979999999999999881e-04,3.089999999999999756e-04,4.360000000000000269e-04,5.869999999999999567e-04,7.730000000000000326e-04,1.010000000000000047e-03,1.309999999999999967e-03,1.699999999999999905e-03,2.249999999999999830e-03
2.780000000000000149e-05,4.639751999999999654e+00,2.000000000000000000e+00,1.290000000000000016e-05,2.780000000000000149e-05,4.360000000000000269e-05,6.109999999999999438e-05,8.260000000000000198e-05,1.090000000000000067e-04,1.430000000000000064e-04,1.859999999999999945e-04,2.469999999999999865e-04,3.409999999999999945e-04
6.520000000000000256e-06,7.054471999999999632e+00,2.000000000000000000e+00,4.600000000000000004e-06,9.459999999999999212e-06,1.489999999999999964e-05,2.110000000000000127e-05,2.860000000000000061e-05,3.779999999999999723e-05,4.959999999999999945e-05,6.530000000000000160e-05,8.789999999999999528e-05,1.250000000000000026e-04
5.149999999999999820e-05,4.451830000000000176e+00,2.000000000000000000e+00,2.290000000000000098e-05,4.789999999999999879e-05,7.530000000000000072e-05,1.069999999999999988e-04,1.440000000000000036e-04,1.900000000000000105e-04,2.469999999999999865e-04,3.200000000000000262e-04,4.209999999999999875e-04,5.730000000000000501e-04
2.599999999999999840e-05,4.910154000000000352e+00,2.000000000000000000e+00,1.270000000000000038e-05,2.610000000000000083e-05,4.069999999999999996e-05,5.670000000000000262e-05,7.629999999999999792e-05,1.010000000000000020e-04,1.299999999999999886e-04,1.669999999999999935e-04,2.180000000000000134e-04,2.889999999999999774e-04
1.129999999999999955e-04,6.572360999999999898e+00,2.000000000000000000e+00,7.430000000000000352e-05,1.530000000000000056e-04,2.390000000000000089e-04,3.390000000000000001e-04,4.589999999999999896e-04,6.070000000000000092e-04,8.030000000000000028e-04,1.059999999999999961e-03,1.420000000000000038e-03,1.959999999999999937e-03
9.509999999999999411e-05,5.748312999999999562e+00,2.000000000000000000e+00,5.470000000000000144e-05,1.119999999999999983e-04,1.740000000000000010e-04,2.469999999999999865e-04,3.339999999999999870e-04,4.420000000000000101e-04,5.800000000000000034e-04,7.600000000000000418e-04,1.010000000000000047e-03,1.410000000000000012e-03
9.330000000000000457e-06,7.062737000000000265e+00,2.000000000000000000e+00,6.589999999999999585e-06,1.349999999999999949e-05,2.110000000000000127e-05,2.989999999999999833e-05,3.949999999999999789e-05,5.259999999999999783e-05,6.860000000000000050e-05,8.940000000000000464e-05,1.179999999999999951e-04,1.630000000000000047e-04
6.660000000000000609e-05,5.681639999999999802e+00,2.000000000000000000e+00,3.779999999999999723e-05,7.789999999999999616e-05,1.210000000000000002e-04,1.710000000000000094e-04,2.320000000000000014e-04,3.069999999999999812e-04,4.020000000000000136e-04,5.280000000000000405e-04,7.060000000000000303e-04,9.899999999999999946e-04
7.920000000000000065e-05,4.799928999999999668e+00,2.000000000000000000e+00,3.800000000000000209e-05,7.909999999999999822e-05,1.240000000000000054e-04,1.759999999999999954e-04,2.380000000000000117e-04,3.150000000000000131e-04,4.130000000000000099e-04,5.419999999999999471e-04,7.240000000000000342e-04,1.010000000000000047e-03
1.410000000000000053e-05,4.462506999999999557e+00,2.000000000000000000e+00,6.280000000000000012e-06,1.290000000000000016e-05,2.010000000000000068e-05,2.830000000000000010e-05,3.800000000000000209e-05,4.929999999999999893e-05,6.389999999999999467e-05,8.229999999999999469e-05,1.060000000000000016e-04,1.399999999999999877e-04
1.970000000000000112e-05,7.226087999999999845e+00,2.000000000000000000e+00,1.430000000000000031e-05,2.930000000000000069e-05,4.600000000000000004e-05,6.380000000000000580e-05,8.729999999999999425e-05,1.160000000000000007e-04,1.530000000000000056e-04,2.020000000000000040e-04,2.730000000000000222e-04,3.869999999999999742e-04
2.159999999999999987e-05,7.221349000000000018e+00,2.000000000000000000e+00,1.559999999999999972e-05,3.199999999999999855e-05,4.920000000000000328e-05,6.999999999999999387e-05,9.440000000000000420e-05,1.250000000000000026e-04,1.649999999999999991e-04,2.159999999999999919e-04,2.889999999999999774e-04,4.040000000000000080e-04
2.209999999999999847e-05,4.266884000000000121e+00,2.000000000000000000e+00,9.419999999999999595e-06,1.930000000000000156e-05,3.000000000000000076e-05,4.229999999999999819e-05,5.610000000000000159e-05,7.349999999999999763e-05,9.519999999999999654e-05,1.210000000000000002e-04,1.550000000000000000e-04,2.020000000000000040e-04
6.190000000000000027e-05,5.327596999999999916e+00,2.000000000000000000e+00,3.300000000000000253e-05,6.779999999999999460e-05,1.050000000000000044e-04,1.489999999999999897e-04,2.010000000000000068e-04,2.660000000000000146e-04,3.469999999999999777e-04,4.539999999999999765e-04,6.019999999999999961e-04,8.329999999999999731e-04
1.239999999999999986e-05,5.330010999999999832e+00,2.000000000000000000e+00,6.620000000000000145e-06,1.360000000000000023e-05,2.129999999999999935e-05,3.019999999999999885e-05,4.069999999999999996e-05,5.349999999999999938e-05,6.909999999999999910e-05,9.060000000000000670e-05,1.200000000000000030e-04,1.640000000000000019e-04
1.530000000000000056e-04,4.454676000000000080e+00,2.000000000000000000e+00,6.799999999999999946e-05,1.399999999999999877e-04,2.180000000000000134e-04,3.089999999999999756e-04,4.180000000000000230e-04,5.519999999999999733e-04,7.240000000000000342e-04,9.510000000000000224e-04,1.270000000000000078e-03,1.750000000000000036e-03
2.529999999999999833e-05,7.822276999999999703e+00,2.000000000000000000e+00,1.980000000000000016e-05,3.990000000000000084e-05,6.299999999999999990e-05,8.959999999999999595e-05,1.219999999999999974e-04,1.620000000000000075e-04,2.139999999999999975e-04,2.840000000000000185e-04,3.849999999999999798e-04,5.550000000000000462e-04
5.209999999999999923e-05,7.178613000000000355e+00,2.000000000000000000e+00,3.740000000000000106e-05,7.679999999999999652e-05,1.190000000000000058e-04,1.689999999999999879e-04,2.290000000000000098e-04,3.029999999999999924e-04,3.989999999999999949e-04,5.259999999999999919e-04,7.079999999999999705e-04,1.010000000000000047e-03
5.450000000000000336e-05,4.878993999999999609e+00,2.000000000000000000e+00,2.659999999999999943e-05,5.360000000000000181e-05,8.459999999999999638e-05,1.200000000000000030e-04,1.620000000000000075e-04,2.130000000000000003e-04,2.779999999999999811e-04,3.629999999999999872e-04,4.780000000000000178e-04,6.560000000000000076e-04
5.509999999999999761e-05,6.687774000000000107e+00,2.000000000000000000e+00,3.690000000000000246e-05,7.480000000000000212e-05,1.179999999999999951e-04,1.669999999999999935e-04,2.259999999999999910e-04,2.999999999999999737e-04,3.939999999999999817e-04,5.199999999999999544e-04,6.989999999999999686e-04,9.920000000000000432e-04
1.160000000000000007e-04,6.504476999999999620e+00,2.000000000000000000e+00,7.550000000000000558e-05,1.550000000000000000e-04,2.420000000000000005e-04,3.420000000000000188e-04,4.600000000000000139e-04,6.099999999999999737e-04,8.019999999999999785e-04,1.049999999999999935e-03,1.389999999999999960e-03,1.899999999999999996e-03
1.039999999999999936e-04,5.602977000000000096e+00,2.000000000000000000e+00,5.830000000000000086e-05,1.190000000000000058e-04,1.840000000000000001e-04,2.610000000000000015e-04,3.519999999999999908e-04,4.640000000000000027e-04,6.030000000000000204e-04,7.820000000000000345e-04,1.030000000000000100e-03,1.399999999999999986e-03
6.260000000000000204e-06,7.377811999999999593e+00,2.000000000000000000e+00,4.619999999999999812e-06,9.510000000000000427e-06,1.489999999999999964e-05,2.120000000000000031e-05,2.869999999999999965e-05,3.800000000000000209e-05,4.949999999999999702e-05,6.600000000000000506e-05,8.849999999999999631e-05,1.259999999999999998e-04
1.739999999999999942e-05,4.920537999999999634e+00,2.000000000000000000e+00,8.549999999999999454e-06,1.760000000000000090e-05,2.760000000000000002e-05,3.899999999999999929e-05,5.199999999999999680e-05,6.860000000000000050e-05,8.990000000000000324e-05,1.169999999999999979e-04,1.550000000000000000e-04,2.139999999999999975e-04
5.879999999999999946e-05,6.639873999999999832e+00,2.000000000000000000e+00,3.899999999999999929e-05,7.990000000000000411e-05,1.230000000000000082e-04,1.749999999999999982e-04,2.359999999999999902e-04,3.110000000000000243e-04,4.049999999999999781e-04,5.270000000000000162e-04,6.960000000000000041e-04,9.610000000000000486e-04
3.820000000000000018e-05,5.400254000000000332e+00,2.000000000000000000e+00,2.059999999999999928e-05,4.139999999999999664e-05,6.509999999999999674e-05,9.220000000000000493e-05,1.250000000000000026e-04,1.640000000000000019e-04,2.130000000000000003e-04,2.750000000000000166e-04,3.600000000000000227e-04,4.870000000000000197e-04
1.180000000000000052e-05,6.356775999999999982e+00,2.000000000000000000e+00,7.500000000000000190e-06,1.540000000000000163e-05,2.419999999999999869e-05,3.430000000000000025e-05,4.580000000000000195e-05,6.099999999999999872e-05,7.980000000000000168e-05,1.060000000000000016e-04,1.430000000000000064e-04,2.000000000000000096e-04
1.430000000000000031e-05,5.095659000000000383e+00,2.000000000000000000e+00,7.279999999999999755e-06,1.500000000000000038e-05,2.349999999999999862e-05,3.330000000000000305e-05,4.440000000000000180e-05,5.869999999999999703e-05,7.720000000000000625e-05,1.010000000000000020e-04,1.350000000000000017e-04,1.879999999999999890e-04
1.049999999999999942e-05,5.397473999999999883e+00,2.000000000000000000e+00,5.650000000000000115e-06,1.160000000000000075e-05,1.819999999999999854e-05,2.570000000000000127e-05,3.470000000000000319e-05,4.569999999999999952e-05,5.890000000000000189e-05,7.739999999999999756e-05,1.019999999999999992e-04,1.399999999999999877e-04
1.129999999999999955e-04,4.960952999999999946e+00,2.000000000000000000e+00,5.589999999999999673e-05,1.150000000000000035e-04,1.769999999999999926e-04,2.509999999999999753e-04,3.379999999999999758e-04,4.459999999999999989e-04,5.800000000000000034e-04,7.529999999999999801e-04,9.899999999999999946e-04,1.340000000000000045e-03
2.019999999999999972e-05,6.979781000000000013e+00,2.000000000000000000e+00,1.410000000000000053e-05,2.890000000000000113e-05,4.419999999999999694e-05,6.289999999999999747e-05,8.469999999999999881e-05,1.119999999999999983e-04,1.469999999999999953e-04,1.920000000000000049e-04,2.539999999999999940e-04,3.510000000000000208e-04
1.359999999999999989e-04,5.119384000000000157e+00,2.000000000000000000e+00,6.970000000000000013e-05,1.430000000000000064e-04,2.220000000000000022e-04,3.150000000000000131e-04,4.260000000000000006e-04,5.630000000000000239e-04,7.380000000000000492e-04,9.659999999999999533e-04,1.280000000000000105e-03,1.760000000000000063e-03
2.549999999999999980e-05,8.077883999999999176e+00,2.000000000000000000e+00,2.059999999999999928e-05,4.149999999999999907e-05,6.550000000000000646e-05,9.309999999999999970e-05,1.259999999999999998e-04,1.679999999999999907e-04,2.220000000000000022e-04,2.950000000000000148e-04,4.009999999999999893e-04,5.789999999999999791e-04
6.030000000000000204e-05,5.601547000000000054e+00,2.000000000000000000e+00,3.380000000000000165e-05,6.830000000000000676e-05,1.069999999999999988e-04,1.520000000000000084e-04,2.049999999999999956e-04,2.700000000000000035e-04,3.519999999999999908e-04,4.589999999999999896e-04,6.059999999999999849e-04,8.319999999999999488e-04
2.580000000000000031e-05,6.829049999999999621e+00,2.000000000000000000e+00,1.760000000000000090e-05,3.610000000000000334e-05,5.649999999999999776e-05,7.849999999999999719e-05,1.069999999999999988e-04,1.410000000000000120e-04,1.859999999999999945e-04,2.429999999999999977e-04,3.240000000000000150e-04,4.519999999999999821e-04
4.250000000000000305e-05,6.414812999999999654e+00,2.000000000000000000e+00,2.729999999999999951e-05,5.580000000000000107e-05,8.710000000000000294e-05,1.210000000000000002e-04,1.640000000000000019e-04,2.169999999999999891e-04,2.820000000000000241e-04,3.660000000000000059e-04,4.820000000000000066e-04,6.599999999999999964e-04
1.219999999999999974e-04,5.313583999999999641e+00,2.000000000000000000e+00,6.490000000000000543e-05,1.330000000000000073e-04,2.059999999999999928e-04,2.910000000000000260e-04,3.919999999999999873e-04,5.169999999999999899e-04,6.729999999999999871e-04,8.729999999999999696e-04,1.149999999999999981e-03,1.549999999999999946e-03
2.790000000000000054e-05,6.564147000000000176e+00,2.000000000000000000e+00,1.830000000000000097e-05,3.759999999999999915e-05,5.869999999999999703e-05,8.139999999999999992e-05,1.110000000000000011e-04,1.459999999999999981e-04,1.910000000000000077e-04,2.480000000000000108e-04,3.289999999999999739e-04,4.519999999999999821e-04
9.900000000000000081e-06,7.684294999999999654e+00,2.000000000000000000e+00,7.600000000000000080e-06,1.559999999999999972e-05,2.460000000000000164e-05,3.490000000000000128e-05,4.720000000000000210e-05,6.109999999999999438e-05,8.169999999999999366e-05,1.090000000000000067e-04,1.469999999999999953e-04,2.110000000000000059e-04
7.369999999999999741e-06,5.548062999999999967e+00,2.000000000000000000e+00,4.089999999999999804e-06,8.389999999999999292e-06,1.309999999999999994e-05,1.860000000000000149e-05,2.500000000000000120e-05,3.290000000000000010e-05,4.240000000000000062e-05,5.539999999999999813e-05,7.279999999999999416e-05,9.909999999999999647e-05
5.769999999999999982e-05,6.575522000000000311e+00,2.000000000000000000e+00,3.800000000000000209e-05,7.799999999999999859e-05,1.210000000000000002e-04,1.720000000000000066e-04,2.320000000000000014e-04,3.069999999999999812e-04,4.040000000000000080e-04,5.310000000000000050e-04,7.119999999999999593e-04,1.010000000000000047e-03
1.250000000000000026e-04,5.425205000000000055e+00,2.000000000000000000e+00,6.779999999999999460e-05,1.389999999999999905e-04,2.159999999999999919e-04,3.069999999999999812e-04,4.159999999999999744e-04,5.509999999999999490e-04,7.230000000000000098e-04,9.510000000000000224e-04,1.270000000000000078e-03,1.750000000000000036e-03
1.100000000000000039e-04,4.510925000000000296e+00,2.000000000000000000e+00,4.940000000000000136e-05,1.010000000000000020e-04,1.559999999999999972e-04,2.210000000000000050e-04,2.970000000000000092e-04,3.899999999999999929e-04,5.050000000000000235e-04,6.489999999999999459e-04,8.419999999999999750e-04,1.119999999999999902e-03
8.399999999999999535e-05,6.400394000000000361e+00,2.000000000000000000e+00,5.379999999999999989e-05,1.110000000000000011e-04,1.720000000000000066e-04,2.439999999999999949e-04,3.299999999999999982e-04,4.380000000000000213e-04,5.770000000000000389e-04,7.609999999999999577e-04,1.020000000000000073e-03,1.440000000000000091e-03
3.399999999999999973e-05,5.414793000000000411e+00,2.000000000000000000e+00,1.840000000000000001e-05,3.690000000000000246e-05,5.810000000000000277e-05,8.260000000000000198e-05,1.110000000000000011e-04,1.469999999999999953e-04,1.910000000000000077e-04,2.469999999999999865e-04,3.249999999999999851e-04,4.400000000000000157e-04
8.509999999999999837e-06,5.684250999999999721e+00,2.000000000000000000e+00,4.840000000000000247e-06,9.919999999999999890e-06,1.550000000000000068e-05,2.190000000000000039e-05,2.960000000000000120e-05,3.830000000000000261e-05,5.039999999999999857e-05,6.590000000000000263e-05,8.550000000000000471e-05,1.160000000000000007e-04
1.129999999999999955e-04,4.923583999999999961e+00,2.000000000000000000e+00,5.539999999999999813e-05,1.140000000000000063e-04,1.769999999999999926e-04,2.519999999999999996e-04,3.400000000000000244e-04,4.499999999999999877e-04,5.900000000000000296e-04,7.749999999999999728e-04,1.039999999999999909e-03,1.440000000000000091e-03
1.759999999999999954e-04,5.350597999999999743e+00,2.000000000000000000e+00,9.390000000000000560e-05,1.920000000000000049e-04,2.999999999999999737e-04,4.240000000000000062e-04,5.710000000000000015e-04,7.529999999999999801e-04,9.810000000000001011e-04,1.280000000000000105e-03,1.660000000000000017e-03,2.210000000000000159e-03
1.990000000000000124e-04,5.061169999999999725e+00,2.000000000000000000e+00,1.000000000000000048e-04,2.049999999999999956e-04,3.200000000000000262e-04,4.510000000000000120e-04,6.070000000000000092e-04,7.969999999999999654e-04,1.030000000000000100e-03,1.330000000000000019e-03,1.719999999999999958e-03,2.249999999999999830e-03
1.060000000000000016e-04,6.510946999999999818e+00,2.000000000000000000e+00,6.899999999999999667e-05,1.420000000000000092e-04,2.200000000000000078e-04,3.119999999999999944e-04,4.229999999999999819e-04,5.609999999999999752e-04,7.389999999999999651e-04,9.740000000000000394e-04,1.299999999999999940e-03,1.799999999999999951e-03
1.690000000000000082e-05,5.665708000000000411e+00,2.000000000000000000e+00,9.589999999999999661e-06,1.970000000000000112e-05,3.089999999999999892e-05,4.380000000000000077e-05,5.769999999999999982e-05,7.729999999999999513e-05,1.010000000000000020e-04,1.330000000000000073e-04,1.769999999999999926e-04,2.449999999999999921e-04
7.480000000000000212e-05,7.678126999999999924e+00,2.000000000000000000e+00,5.739999999999999931e-05,1.160000000000000007e-04,1.830000000000000029e-04,2.590000000000000071e-04,3.510000000000000208e-04,4.650000000000000270e-04,6.130000000000000466e-04,8.080000000000000160e-04,1.080000000000000014e-03,1.510000000000000057e-03
3.660000000000000194e-05,7.661881000000000164e+00,2.000000000000000000e+00,2.809999999999999862e-05,5.679999999999999828e-05,8.949999999999999351e-05,1.269999999999999970e-04,1.720000000000000066e-04,2.290000000000000098e-04,3.020000000000000223e-04,4.009999999999999893e-04,5.429999999999999714e-04,7.820000000000000345e-04
1.090000000000000067e-04,5.825948999999999600e+00,2.000000000000000000e+00,6.329999999999999364e-05,1.299999999999999886e-04,2.010000000000000068e-04,2.840000000000000185e-04,3.840000000000000097e-04,5.079999999999999880e-04,6.629999999999999609e-04,8.649999999999999920e-04,1.139999999999999954e-03,1.569999999999999998e-03
2.510000000000000024e-05,4.503885999999999612e+00,2.000000000000000000e+00,1.130000000000000023e-05,2.309999999999999906e-05,3.610000000000000334e-05,5.089999999999999717e-05,6.710000000000000469e-05,8.880000000000000360e-05,1.140000000000000063e-04,1.469999999999999953e-04,1.890000000000000133e-04,2.500000000000000052e-04
2.470000000000000068e-05,7.036095999999999684e+00,2.000000000000000000e+00,1.739999999999999942e-05,3.570000000000000040e-05,5.589999999999999673e-05,7.770000000000000485e-05,1.060000000000000016e-04,1.399999999999999877e-04,1.840000000000000001e-04,2.410000000000000033e-04,3.229999999999999907e-04,4.530000000000000064e-04
1.610000000000000103e-04,5.574961000000000055e+00,2.000000000000000000e+00,8.959999999999999595e-05,1.830000000000000029e-04,2.860000000000000129e-04,4.029999999999999837e-04,5.429999999999999714e-04,7.129999999999999836e-04,9.280000000000000054e-04,1.199999999999999895e-03,1.559999999999999972e-03,2.069999999999999792e-03
6.780000000000000307e-06,6.584722000000000186e+00,2.000000000000000000e+00,4.459999999999999650e-06,9.180000000000000199e-06,1.439999999999999935e-05,2.040000000000000119e-05,2.760000000000000002e-05,3.639999999999999708e-05,4.709999999999999967e-05,6.279999999999999504e-05,8.270000000000000441e-05,1.160000000000000007e-04
8.720000000000000537e-05,5.060101999999999656e+00,2.000000000000000000e+00,4.410000000000000129e-05,9.069999999999999558e-05,1.399999999999999877e-04,1.990000000000000124e-04,2.689999999999999791e-04,3.550000000000000096e-04,4.629999999999999784e-04,6.049999999999999606e-04,8.000000000000000383e-04,1.100000000000000066e-03
1.609999999999999832e-05,5.520620000000000083e+00,2.000000000000000000e+00,8.909999999999999396e-06,1.830000000000000097e-05,2.850000000000000157e-05,4.029999999999999701e-05,5.420000000000000284e-05,7.009999999999999630e-05,9.200000000000000007e-05,1.190000000000000058e-04,1.550000000000000000e-04,2.090000000000000115e-04
7.500000000000000190e-06,6.231996999999999787e+00,2.000000000000000000e+00,4.670000000000000180e-06,9.589999999999999661e-06,1.500000000000000038e-05,2.129999999999999935e-05,2.869999999999999965e-05,3.779999999999999723e-05,4.920000000000000328e-05,6.389999999999999467e-05,8.469999999999999881e-05,1.169999999999999979e-04
7.279999999999999416e-05,4.873973999999999585e+00,2.000000000000000000e+00,3.550000000000000231e-05,7.389999999999999380e-05,1.160000000000000007e-04,1.649999999999999991e-04,2.229999999999999994e-04,2.939999999999999905e-04,3.860000000000000041e-04,5.069999999999999637e-04,6.769999999999999759e-04,9.479999999999999495e-04
6.810000000000000189e-05,7.037067999999999657e+00,2.000000000000000000e+00,4.789999999999999879e-05,9.830000000000000413e-05,1.520000000000000084e-04,2.159999999999999919e-04,2.910000000000000260e-04,3.860000000000000041e-04,5.060000000000000478e-04,6.639999999999999852e-04,8.869999999999999846e-04,1.240000000000000000e-03
1.900000000000000105e-04,4.566517000000000159e+00,2.000000000000000000e+00,8.700000000000000051e-05,1.789999999999999870e-04,2.779999999999999811e-04,3.930000000000000117e-04,5.310000000000000050e-04,7.010000000000000172e-04,9.150000000000000147e-04,1.199999999999999895e-03,1.569999999999999998e-03,2.119999999999999923e-03
1.840000000000000001e-05,7.853432999999999886e+00,2.000000000000000000e+00,1.450000000000000009e-05,2.900000000000000017e-05,4.569999999999999952e-05,6.550000000000000646e-05,8.849999999999999631e-05,1.179999999999999951e-04,1.559999999999999972e-04,2.069999999999999900e-04,2.820000000000000241e-04,4.049999999999999781e-04
7.420000000000000109e-05,6.276191999999999993e+00,2.000000000000000000e+00,4.660000000000000107e-05,9.550000000000000383e-05,1.469999999999999953e-04,2.090000000000000115e-04,2.820000000000000241e-04,3.719999999999999891e-04,4.859999999999999954e-04,6.329999999999999906e-04,8.369999999999999619e-04,1.149999999999999981e-03
1.230000000000000082e-04,4.613119000000000192e+00,2.000000000000000000e+00,5.660000000000000019e-05,1.160000000000000007e-04,1.800000000000000113e-04,2.550000000000000183e-04,3.440000000000000132e-04,4.539999999999999765e-04,5.910000000000000539e-04,7.699999999999999597e-04,1.020000000000000073e-03,1.389999999999999960e-03
5.500000000000000196e-05,5.253510000000000346e+00,2.000000000000000000e+00,2.890000000000000113e-05,6.030000000000000204e-05,9.490000000000000280e-05,1.350000000000000017e-04,1.820000000000000057e-04,2.410000000000000033e-04,3.159999999999999832e-04,4.159999999999999744e-04,5.569999999999999864e-04,7.810000000000000102e-04
9.330000000000000457e-05,6.154596999999999873e+00,2.000000000000000000e+00,5.739999999999999931e-05,1.179999999999999951e-04,1.830000000000000029e-04,2.599999999999999772e-04,3.530000000000000152e-04,4.690000000000000158e-04,6.170000000000000354e-04,8.140000000000000534e-04,1.100000000000000066e-03,1.539999999999999919e-03
1.219999999999999974e-04,6.076755999999999602e+00,2.000000000000000000e+00,7.409999999999999866e-05,1.520000000000000084e-04,2.349999999999999930e-04,3.330000000000000169e-04,4.510000000000000120e-04,5.969999999999999829e-04,7.820000000000000345e-04,1.020000000000000073e-03,1.350000000000000071e-03,1.850000000000000082e-03
3.830000000000000261e-05,6.636200999999999794e+00,2.000000000000000000e+00,2.540000000000000076e-05,5.229999999999999732e-05,8.090000000000000132e-05,1.160000000000000007e-04,1.569999999999999944e-04,2.079999999999999872e-04,2.739999999999999923e-04,3.640000000000000115e-04,4.929999999999999487e-04,7.089999999999999948e-04
8.040000000000000271e-05,7.428596999999999895e+00,2.000000000000000000e+00,5.970000000000000100e-05,1.230000000000000082e-04,1.910000000000000077e-04,2.719999999999999979e-04,3.699999999999999947e-04,4.929999999999999487e-04,6.549999999999999833e-04,8.729999999999999696e-04,1.180000000000000059e-03,1.690000000000000096e-03
4.479999999999999797e-05,5.704044999999999810e+00,2.000000000000000000e+00,2.559999999999999884e-05,5.140000000000000254e-05,8.090000000000000132e-05,1.150000000000000035e-04,1.550000000000000000e-04,2.039999999999999984e-04,2.649999999999999903e-04,3.440000000000000132e-04,4.530000000000000064e-04,6.189999999999999756e-04
1.160000000000000007e-04,6.135373000000000410e+00,2.000000000000000000e+00,7.140000000000000079e-05,1.469999999999999953e-04,2.269999999999999882e-04,3.220000000000000206e-04,4.360000000000000269e-04,5.779999999999999548e-04,7.569999999999999689e-04,9.940000000000000918e-04,1.319999999999999993e-03,1.809999999999999977e-03
6.799999999999999946e-05,7.870637000000000327e+00,2.000000000000000000e+00,5.349999999999999938e-05,1.100000000000000039e-04,1.710000000000000094e-04,2.429999999999999977e-04,3.299999999999999982e-04,4.389999999999999914e-04,5.810000000000000277e-04,7.720000000000000083e-04,1.049999999999999935e-03,1.490000000000000005e-03
9.270000000000000353e-05,4.454341000000000328e+00,2.000000000000000000e+00,4.130000000000000099e-05,8.579999999999999845e-05,1.350000000000000017e-04,1.910000000000000077e-04,2.579999999999999828e-04,3.400000000000000244e-04,4.449999999999999746e-04,5.820000000000000520e-04,7.739999999999999485e-04,1.069999999999999988e-03
9.160000000000000390e-06,7.943241000000000440e+00,2.000000000000000000e+00,7.279999999999999755e-06,1.500000000000000038e-05,2.349999999999999862e-05,3.330000000000000305e-05,4.509999999999999849e-05,5.819999999999999843e-05,7.799999999999999859e-05,1.029999999999999964e-04,1.389999999999999905e-04,1.990000000000000124e-04
3.690000000000000246e-05,5.478087000000000373e+00,2.000000000000000000e+00,2.019999999999999972e-05,4.149999999999999907e-05,6.380000000000000580e-05,9.100000000000000287e-05,1.230000000000000082e-04,1.620000000000000075e-04,2.120000000000000031e-04,2.759999999999999867e-04,3.660000000000000059e-04,5.029999999999999749e-04
2.229999999999999994e-05,6.450963999999999920e+00,2.000000000000000000e+00,1.439999999999999935e-05,2.939999999999999973e-05,4.600000000000000004e-05,6.349999999999999850e-05,8.670000000000000677e-05,1.140000000000000063e-04,1.499999999999999869e-04,1.949999999999999965e-04,2.570000000000000127e-04,3.539999999999999853e-04
1.439999999999999935e-05,6.859900999999999804e+00,2.000000000000000000e+00,9.900000000000000081e-06,2.029999999999999876e-05,3.180000000000000047e-05,4.429999999999999937e-05,6.019999999999999961e-05,7.920000000000000065e-05,1.050000000000000044e-04,1.369999999999999961e-04,1.830000000000000029e-04,2.550000000000000183e-04
2.619999999999999987e-05,6.603385000000000282e+00,2.000000000000000000e+00,1.730000000000000038e-05,3.539999999999999988e-05,5.539999999999999813e-05,7.679999999999999652e-05,1.050000000000000044e-04,1.379999999999999933e-04,1.800000000000000113e-04,2.349999999999999930e-04,3.099999999999999999e-04,4.290000000000000193e-04
3.680000000000000003e-05,4.477358999999999867e+00,2.000000000000000000e+00,1.650000000000000127e-05,3.520000000000000180e-05,5.520000000000000004e-05,7.720000000000000625e-05,1.050000000000000044e-04,1.379999999999999933e-04,1.800000000000000113e-04,2.349999999999999930e-04,3.119999999999999944e-04,4.319999999999999838e-04
4.110000000000000290e-05,6.337500000000000355e+00,2.000000000000000000e+00,2.610000000000000083e-05,5.259999999999999783e-05,8.279999999999999329e-05,1.169999999999999979e-04,1.589999999999999888e-04,2.100000000000000087e-04,2.750000000000000166e-04,3.600000000000000227e-04,4.800000000000000122e-04,6.710000000000000469e-04
1.020000000000000060e-05,5.177399999999999558e+00,2.000000000000000000e+00,5.270000000000000365e-06,1.079999999999999993e-05,1.690000000000000082e-05,2.390000000000000157e-05,3.219999999999999664e-05,4.190000000000000202e-05,5.500000000000000196e-05,7.140000000000000079e-05,9.359999999999999831e-05,1.269999999999999970e-04
1.420000000000000092e-04,5.769294000000000366e+00,2.000000000000000000e+00,8.179999999999999609e-05,1.679999999999999907e-04,2.610000000000000015e-04,3.690000000000000246e-04,4.949999999999999973e-04,6.560000000000000076e-04,8.570000000000000144e-04,1.119999999999999902e-03,1.469999999999999953e-03,1.979999999999999989e-03
2.400000000000000061e-04,4.473728000000000371e+00,2.000000000000000000e+00,1.069999999999999988e-04,2.200000000000000078e-04,3.409999999999999945e-04,4.820000000000000066e-04,6.509999999999999945e-04,8.580000000000000387e-04,1.119999999999999902e-03,1.449999999999999900e-03,1.869999999999999917e-03,2.469999999999999973e-03
9.099999999999999271e-06,7.543250999999999706e+00,2.000000000000000000e+00,6.860000000000000388e-06,1.410000000000000053e-05,2.220000000000000090e-05,3.149999999999999995e-05,4.259999999999999871e-05,5.509999999999999761e-05,7.380000000000000492e-05,9.820000000000000170e-05,1.330000000000000073e-04,1.900000000000000105e-04
1.049999999999999942e-05,7.048250000000000348e+00,2.000000000000000000e+00,7.400000000000000300e-06,1.520000000000000016e-05,2.379999999999999913e-05,3.369999999999999922e-05,4.550000000000000144e-05,5.879999999999999946e-05,7.810000000000000102e-05,1.029999999999999964e-04,1.369999999999999961e-04,1.910000000000000077e-04
7.270000000000000529e-05,7.115884999999999572e+00,2.000000000000000000e+00,5.170000000000000306e-05,1.060000000000000016e-04,1.649999999999999991e-04,2.349999999999999930e-04,3.179999999999999776e-04,4.229999999999999819e-04,5.590000000000000351e-04,7.399999999999999894e-04,1.000000000000000021e-03,1.420000000000000038e-03
1.650000000000000127e-05,6.550374999999999837e+00,2.000000000000000000e+00,1.079999999999999993e-05,2.229999999999999994e-05,3.499999999999999693e-05,4.890000000000000276e-05,6.660000000000000609e-05,8.799999999999999771e-05,1.160000000000000007e-04,1.540000000000000028e-04,2.090000000000000115e-04,2.970000000000000092e-04
3.019999999999999885e-05,6.950394000000000183e+00,2.000000000000000000e+00,2.099999999999999884e-05,4.309999999999999731e-05,6.729999999999999600e-05,9.349999999999999587e-05,1.269999999999999970e-04,1.679999999999999907e-04,2.200000000000000078e-04,2.860000000000000129e-04,3.800000000000000209e-04,5.270000000000000162e-04
1.200000000000000030e-04,5.836255999999999666e+00,2.000000000000000000e+00,6.990000000000000499e-05,1.430000000000000064e-04,2.210000000000000050e-04,3.139999999999999888e-04,4.229999999999999819e-04,5.590000000000000351e-04,7.290000000000000473e-04,9.499999999999999981e-04,1.250000000000000026e-03,1.699999999999999905e-03
7.480000000000000212e-05,5.315655999999999715e+00,2.000000000000000000e+00,3.979999999999999841e-05,8.279999999999999329e-05,1.299999999999999886e-04,1.849999999999999973e-04,2.500000000000000052e-04,3.319999999999999926e-04,4.360000000000000269e-04,5.739999999999999660e-04,7.709999999999999840e-04,1.090000000000000040e-03
1.179999999999999951e-04,6.030768000000000129e+00,2.000000000000000000e+00,7.109999999999999350e-05,1.459999999999999981e-04,2.290000000000000098e-04,3.220000000000000206e-04,4.369999999999999970e-04,5.820000000000000520e-04,7.669999999999999951e-04,1.020000000000000073e-03,1.360000000000000098e-03,1.889999999999999970e-03
3.359999999999999679e-05,6.956425000000000303e+00,2.000000000000000000e+00,2.339999999999999958e-05,4.800000000000000122e-05,7.490000000000000455e-05,1.039999999999999936e-04,1.420000000000000092e-04,1.869999999999999917e-04,2.449999999999999921e-04,3.200000000000000262e-04,4.260000000000000006e-04,5.929999999999999941e-04
3.570000000000000040e-05,5.159953999999999930e+00,2.000000000000000000e+00,1.840000000000000001e-05,3.869999999999999878e-05,6.099999999999999872e-05,8.660000000000000434e-05,1.169999999999999979e-04,1.550000000000000000e-04,2.030000000000000012e-04,2.660000000000000146e-04,3.550000000000000096e-04,4.949999999999999973e-04
4.050000000000000187e-05,6.616728000000000165e+00,2.000000000000000000e+00,2.680000000000000090e-05,5.399999999999999798e-05,8.509999999999999498e-05,1.210000000000000002e-04,1.630000000000000047e-04,2.159999999999999919e-04,2.829999999999999942e-04,3.699999999999999947e-04,4.939999999999999730e-04,6.899999999999999667e-04
4.690000000000000158e-05,6.773476999999999748e+00,2.000000000000000000e+00,3.180000000000000047e-05,6.409999999999999953e-05,1.010000000000000020e-04,1.430000000000000064e-04,1.930000000000000021e-04,2.550000000000000183e-04,3.339999999999999870e-04,4.369999999999999970e-04,5.829999999999999679e-04,8.149999999999999693e-04
2.150000000000000083e-05,5.908700999999999759e+00,2.000000000000000000e+00,1.270000000000000038e-05,2.610000000000000083e-05,4.089999999999999804e-05,5.649999999999999776e-05,7.749999999999999999e-05,1.019999999999999992e-04,1.340000000000000045e-04,1.759999999999999954e-04,2.349999999999999930e-04,3.269999999999999795e-04
7.260000000000000286e-05,7.417476999999999876e+00,2.000000000000000000e+00,5.390000000000000233e-05,1.090000000000000067e-04,1.710000000000000094e-04,2.420000000000000005e-04,3.269999999999999795e-04,4.339999999999999782e-04,5.689999999999999529e-04,7.460000000000000268e-04,9.950000000000000077e-04,1.379999999999999933e-03
4.649999999999999864e-05,5.474721999999999866e+00,2.000000000000000000e+00,2.540000000000000076e-05,5.229999999999999732e-05,8.079999999999999888e-05,1.150000000000000035e-04,1.559999999999999972e-04,2.059999999999999928e-04,2.689999999999999791e-04,3.530000000000000152e-04,4.690000000000000158e-04,6.530000000000000431e-04
5.939999999999999879e-06,7.424324999999999619e+00,2.000000000000000000e+00,4.410000000000000129e-06,9.079999999999999462e-06,1.430000000000000031e-05,2.029999999999999876e-05,2.750000000000000098e-05,3.639999999999999708e-05,4.780000000000000313e-05,6.310000000000000233e-05,8.529999999999999985e-05,1.230000000000000082e-04
5.089999999999999717e-05,6.206813000000000358e+00,2.000000000000000000e+00,3.160000000000000238e-05,6.499999999999999431e-05,1.010000000000000020e-04,1.430000000000000064e-04,1.939999999999999993e-04,2.570000000000000127e-04,3.379999999999999758e-04,4.449999999999999746e-04,5.969999999999999829e-04,8.440000000000000236e-04
1.440000000000000036e-04,5.532697999999999894e+00,2.000000000000000000e+00,7.949999999999999439e-05,1.630000000000000047e-04,2.530000000000000239e-04,3.550000000000000096e-04,4.789999999999999879e-04,6.319999999999999663e-04,8.210000000000000067e-04,1.059999999999999961e-03,1.389999999999999960e-03,1.850000000000000082e-03
4.860000000000000225e-05,5.460772999999999655e+00,2.000000000000000000e+00,2.659999999999999943e-05,5.450000000000000336e-05,8.399999999999999535e-05,1.200000000000000030e-04,1.610000000000000103e-04,2.130000000000000003e-04,2.770000000000000110e-04,3.609999999999999928e-04,4.769999999999999934e-04,6.549999999999999833e-04
4.740000000000000018e-05,6.242178000000000004e+00,2.000000000000000000e+00,2.960000000000000120e-05,5.970000000000000100e-05,9.380000000000000317e-05,1.330000000000000073e-04,1.800000000000000113e-04,2.369999999999999874e-04,3.099999999999999999e-04,4.049999999999999781e-04,5.379999999999999583e-04,7.460000000000000268e-04
3.509999999999999936e-05,7.675296999999999592e+00,2.000000000000000000e+00,2.689999999999999995e-05,5.550000000000000056e-05,8.559999999999999359e-05,1.219999999999999974e-04,1.659999999999999963e-04,2.200000000000000078e-04,2.910000000000000260e-04,3.869999999999999742e-04,5.259999999999999919e-04,7.600000000000000418e-04
1.299999999999999886e-04,5.664112000000000258e+00,2.000000000000000000e+00,7.339999999999999520e-05,1.510000000000000112e-04,2.359999999999999902e-04,3.310000000000000225e-04,4.490000000000000176e-04,5.959999999999999586e-04,7.829999999999999504e-04,1.030000000000000100e-03,1.369999999999999907e-03,1.879999999999999944e-03
2.529999999999999833e-05,5.913776000000000366e+00,2.000000000000000000e+00,1.500000000000000038e-05,3.059999999999999840e-05,4.690000000000000158e-05,6.660000000000000609e-05,8.959999999999999595e-05,1.179999999999999951e-04,1.540000000000000028e-04,1.979999999999999881e-04,2.590000000000000071e-04,3.510000000000000208e-04
6.750000000000000086e-05,6.621620000000000061e+00,2.000000000000000000e+00,4.470000000000000232e-05,9.170000000000000633e-05,1.420000000000000092e-04,2.010000000000000068e-04,2.709999999999999735e-04,3.589999999999999984e-04,4.699999999999999859e-04,6.149999999999999868e-04,8.180000000000000422e-04,1.139999999999999954e-03
4.880000000000000033e-05,5.460990999999999929e+00,2.000000000000000000e+00,2.669999999999999847e-05,5.379999999999999989e-05,8.449999999999999395e-05,1.200000000000000030e-04,1.610000000000000103e-04,2.130000000000000003e-04,2.770000000000000110e-04,3.589999999999999984e-04,4.730000000000000046e-04,6.440000000000000412e-04
5.110000000000000203e-05,7.744510000000000005e+00,2.000000000000000000e+00,3.960000000000000033e-05,8.139999999999999992e-05,1.259999999999999998e-04,1.789999999999999870e-04,2.429999999999999977e-04,3.229999999999999907e-04,4.260000000000000006e-04,5.649999999999999641e-04,7.649999999999999465e-04,1.100000000000000066e-03
2.390000000000000157e-05,7.050023999999999624e+00,2.000000000000000000e+00,1.690000000000000082e-05,3.380000000000000165e-05,5.330000000000000129e-05,7.619999999999999549e-05,1.029999999999999964e-04,1.359999999999999989e-04,1.789999999999999870e-04,2.359999999999999902e-04,3.170000000000000075e-04,4.470000000000000232e-04
3.490000000000000128e-05,6.168090000000000295e+00,2.000000000000000000e+00,2.150000000000000083e-05,4.429999999999999937e-05,6.810000000000000189e-05,9.729999999999999337e-05,1.320000000000000101e-04,1.740000000000000010e-04,2.280000000000000126e-04,2.999999999999999737e-04,4.009999999999999893e-04,5.619999999999999996e-04
7.629999999999999792e-05,6.955770000000000231e+00,2.000000000000000000e+00,5.310000000000000321e-05,1.090000000000000067e-04,1.689999999999999879e-04,2.410000000000000033e-04,3.269999999999999795e-04,4.339999999999999782e-04,5.730000000000000501e-04,7.590000000000000175e-04,1.030000000000000100e-03,1.449999999999999900e-03
1.379999999999999933e-04,5.567758000000000429e+00,2.000000000000000000e+00,7.700000000000000139e-05,1.579999999999999916e-04,2.480000000000000108e-04,3.499999999999999964e-04,4.710000000000000102e-04,6.250000000000000130e-04,8.210000000000000067e-04,1.080000000000000014e-03,1.430000000000000064e-03,1.959999999999999937e-03
1.250000000000000060e-05,7.385976000000000319e+00,2.000000000000000000e+00,9.269999999999999337e-06,1.900000000000000105e-05,2.970000000000000024e-05,4.110000000000000290e-05,5.599999999999999916e-05,7.330000000000000632e-05,9.699999999999999963e-05,1.269999999999999970e-04,1.679999999999999907e-04,2.339999999999999958e-04
2.250000000000000142e-05,4.754350999999999772e+00,2.000000000000000000e+00,1.069999999999999920e-05,2.330000000000000053e-05,3.649999999999999951e-05,5.160000000000000063e-05,6.860000000000000050e-05,9.110000000000000530e-05,1.190000000000000058e-04,1.550000000000000000e-04,2.059999999999999928e-04,2.829999999999999942e-04
2.409999999999999965e-05,6.009153000000000411e+00,2.000000000000000000e+00,1.450000000000000009e-05,2.979999999999999929e-05,4.589999999999999761e-05,6.540000000000000403e-05,8.839999999999999388e-05,1.169999999999999979e-04,1.540000000000000028e-04,2.020000000000000040e-04,2.709999999999999735e-04,3.800000000000000209e-04
4.849999999999999982e-05,7.189395000000000202e+00,2.000000000000000000e+00,3.490000000000000128e-05,7.179999999999999696e-05,1.110000000000000011e-04,1.579999999999999916e-04,2.149999999999999947e-04,2.849999999999999886e-04,3.770000000000000022e-04,5.000000000000000104e-04,6.780000000000000002e-04,9.759999999999999796e-04
1.520000000000000016e-05,6.232615000000000016e+00,2.000000000000000000e+00,9.490000000000000619e-06,1.949999999999999965e-05,3.070000000000000083e-05,4.279999999999999679e-05,5.819999999999999843e-05,7.689999999999999896e-05,1.019999999999999992e-04,1.340000000000000045e-04,1.810000000000000085e-04,2.570000000000000127e-04
2.309999999999999906e-05,5.532288999999999568e+00,2.000000000000000000e+00,1.279999999999999942e-05,2.640000000000000135e-05,4.139999999999999664e-05,5.729999999999999688e-05,7.849999999999999719e-05,1.039999999999999936e-04,1.359999999999999989e-04,1.789999999999999870e-04,2.390000000000000089e-04,3.339999999999999870e-04
3.169999999999999804e-05,6.812299000000000326e+00,2.000000000000000000e+00,2.159999999999999987e-05,4.350000000000000026e-05,6.849999999999999806e-05,9.720000000000000450e-05,1.320000000000000101e-04,1.740000000000000010e-04,2.290000000000000098e-04,3.009999999999999980e-04,4.029999999999999837e-04,5.670000000000000127e-04
1.060000000000000016e-04,5.889591000000000243e+00,2.000000000000000000e+00,6.210000000000000513e-05,1.269999999999999970e-04,1.969999999999999909e-04,2.790000000000000054e-04,3.770000000000000022e-04,4.970000000000000459e-04,6.480000000000000300e-04,8.440000000000000236e-04,1.119999999999999902e-03,1.520000000000000084e-03
1.349999999999999949e-05,4.524373999999999896e+00,2.000000000000000000e+00,6.090000000000000137e-06,1.250000000000000060e-05,1.959999999999999869e-05,2.780000000000000149e-05,3.740000000000000106e-05,4.869999999999999790e-05,6.349999999999999850e-05,8.279999999999999329e-05,1.090000000000000067e-04,1.489999999999999897e-04
5.869999999999999703e-06,7.535674000000000206e+00,2.000000000000000000e+00,4.429999999999999937e-06,9.130000000000000677e-06,1.430000000000000031e-05,2.040000000000000119e-05,2.760000000000000002e-05,3.660000000000000194e-05,4.789999999999999879e-05,6.279999999999999504e-05,8.509999999999999498e-05,1.219999999999999974e-04
4.089999999999999804e-05,5.264540000000000219e+00,2.000000000000000000e+00,2.150000000000000083e-05,4.419999999999999694e-05,6.810000000000000189e-05,9.699999999999999963e-05,1.310000000000000129e-04,1.730000000000000038e-04,2.249999999999999938e-04,2.939999999999999905e-04,3.879999999999999985e-04,5.320000000000000293e-04
4.510000000000000018e-06,7.135299999999999976e+00,2.000000000000000000e+00,3.220000000000000087e-06,6.610000000000000241e-06,1.040000000000000038e-05,1.469999999999999986e-05,2.000000000000000164e-05,2.559999999999999884e-05,3.470000000000000319e-05,4.550000000000000144e-05,6.099999999999999872e-05,8.619999999999999462e-05
2.680000000000000090e-05,5.922844999999999693e+00,2.000000000000000000e+00,1.590000000000000023e-05,3.169999999999999804e-05,4.989999999999999997e-05,7.079999999999999976e-05,9.610000000000000486e-05,1.269999999999999970e-04,1.649999999999999991e-04,2.149999999999999947e-04,2.840000000000000185e-04,3.890000000000000228e-04
2.069999999999999832e-05,7.259883000000000308e+00,2.000000000000000000e+00,1.500000000000000038e-05,3.080000000000000326e-05,4.720000000000000210e-05,6.719999999999999357e-05,9.040000000000000184e-05,1.200000000000000030e-04,1.569999999999999944e-04,2.049999999999999956e-04,2.719999999999999979e-04,3.770000000000000022e-04
4.250000000000000305e-05,7.683323999999999820e+00,2.000000000000000000e+00,3.259999999999999958e-05,6.729999999999999600e-05,1.039999999999999936e-04,1.479999999999999925e-04,2.010000000000000068e-04,2.680000000000000090e-04,3.550000000000000096e-04,4.719999999999999803e-04,6.430000000000000169e-04,9.349999999999999587e-04
9.600000000000000243e-05,5.858289000000000080e+00,2.000000000000000000e+00,5.619999999999999725e-05,1.160000000000000007e-04,1.800000000000000113e-04,2.550000000000000183e-04,3.449999999999999833e-04,4.580000000000000195e-04,6.030000000000000204e-04,7.950000000000000252e-04,1.069999999999999988e-03,1.500000000000000031e-03
6.309999999999999725e-06,6.830979000000000134e+00,2.000000000000000000e+00,4.310000000000000239e-06,8.869999999999999779e-06,1.390000000000000075e-05,1.980000000000000016e-05,2.669999999999999847e-05,3.529999999999999745e-05,4.580000000000000195e-05,6.060000000000000255e-05,8.100000000000000375e-05,1.140000000000000063e-04
6.179999999999999784e-05,6.925364000000000075e+00,2.000000000000000000e+00,4.279999999999999679e-05,8.799999999999999771e-05,1.359999999999999989e-04,1.939999999999999993e-04,2.620000000000000258e-04,3.480000000000000020e-04,4.569999999999999952e-04,6.030000000000000204e-04,8.120000000000000048e-04,1.149999999999999981e-03
6.140000000000000167e-05,1.171568000000000076e+01,4.000000000000000000e+00,7.200000000000000182e-05,1.469999999999999953e-04,2.280000000000000126e-04,3.190000000000000019e-04,4.260000000000000006e-04,5.599999999999999509e-04,7.330000000000000361e-04,9.749999999999999552e-04,1.309999999999999967e-03,1.869999999999999917e-03
2.390000000000000157e-05,1.344453999999999994e+01,4.000000000000000000e+00,3.210000000000000098e-05,6.559999999999999534e-05,1.019999999999999992e-04,1.410000000000000120e-04,1.890000000000000133e-04,2.469999999999999865e-04,3.220000000000000206e-04,4.249999999999999763e-04,5.810000000000000277e-04,8.570000000000000144e-04
2.560000000000000054e-06,1.296939000000000064e+01,4.000000000000000000e+00,3.319999999999999977e-06,6.770000000000000403e-06,1.049999999999999942e-05,1.469999999999999986e-05,1.949999999999999965e-05,2.540000000000000076e-05,3.290000000000000010e-05,4.300000000000000165e-05,5.759999999999999739e-05,8.210000000000000338e-05
3.089999999999999892e-05,1.107099000000000011e+01,4.000000000000000000e+00,3.419999999999999782e-05,6.980000000000000256e-05,1.079999999999999960e-04,1.510000000000000112e-04,2.010000000000000068e-04,2.610000000000000015e-04,3.400000000000000244e-04,4.459999999999999989e-04,6.059999999999999849e-04,8.800000000000000313e-04
2.320000000000000149e-05,1.188860999999999990e+01,4.000000000000000000e+00,2.760000000000000002e-05,5.640000000000000211e-05,8.739999999999999668e-05,1.219999999999999974e-04,1.630000000000000047e-04,2.130000000000000003e-04,2.770000000000000110e-04,3.649999999999999816e-04,4.989999999999999861e-04,7.330000000000000361e-04
3.170000000000000142e-06,1.233535999999999966e+01,4.000000000000000000e+00,3.909999999999999834e-06,7.960000000000000021e-06,1.230000000000000082e-05,1.730000000000000038e-05,2.300000000000000002e-05,3.000000000000000076e-05,3.880000000000000121e-05,5.080000000000000151e-05,6.830000000000000676e-05,9.760000000000000067e-05
6.819999999999999924e-06,9.552504000000000772e+00,4.000000000000000000e+00,6.520000000000000256e-06,1.329999999999999972e-05,2.059999999999999928e-05,2.890000000000000113e-05,3.839999999999999826e-05,4.940000000000000136e-05,6.420000000000000197e-05,8.430000000000000264e-05,1.140000000000000063e-04,1.620000000000000075e-04
2.120000000000000031e-05,1.136270999999999987e+01,4.000000000000000000e+00,2.409999999999999965e-05,4.920000000000000328e-05,7.629999999999999792e-05,1.060000000000000016e-04,1.410000000000000120e-04,1.840000000000000001e-04,2.400000000000000061e-04,3.139999999999999888e-04,4.240000000000000062e-04,6.089999999999999494e-04
5.629999999999999968e-05,1.106950999999999929e+01,4.000000000000000000e+00,6.229999999999999644e-05,1.279999999999999942e-04,1.969999999999999909e-04,2.739999999999999923e-04,3.640000000000000115e-04,4.730000000000000046e-04,6.130000000000000466e-04,8.000000000000000383e-04,1.069999999999999988e-03,1.479999999999999979e-03
4.770000000000000070e-06,8.990259999999999252e+00,4.000000000000000000e+00,4.279999999999999679e-06,8.739999999999999329e-06,1.349999999999999949e-05,1.889999999999999862e-05,2.519999999999999928e-05,3.270000000000000201e-05,4.229999999999999819e-05,5.509999999999999761e-05,7.349999999999999763e-05,1.029999999999999964e-04
3.199999999999999855e-06,1.313428000000000040e+01,4.000000000000000000e+00,4.210000000000000349e-06,8.569999999999999263e-06,1.329999999999999972e-05,1.860000000000000149e-05,2.470000000000000068e-05,3.219999999999999664e-05,4.169999999999999716e-05,5.470000000000000144e-05,7.339999999999999520e-05,1.050000000000000044e-04
3.170000000000000142e-06,1.369070999999999927e+01,4.000000000000000000e+00,4.339999999999999952e-06,8.919999999999999300e-06,1.380000000000000001e-05,1.940000000000000060e-05,2.589999999999999936e-05,3.380000000000000165e-05,4.399999999999999886e-05,5.810000000000000277e-05,7.880000000000000448e-05,1.150000000000000035e-04
9.350000000000000265e-06,9.644441000000000486e+00,4.000000000000000000e+00,9.020000000000000037e-06,1.840000000000000001e-05,2.850000000000000157e-05,3.979999999999999841e-05,5.229999999999999732e-05,6.810000000000000189e-05,8.820000000000000257e-05,1.150000000000000035e-04,1.540000000000000028e-04,2.169999999999999891e-04
2.360000000000000105e-05,1.187139999999999951e+01,4.000000000000000000e+00,2.809999999999999862e-05,5.729999999999999688e-05,8.870000000000000117e-05,1.230000000000000082e-04,1.640000000000000019e-04,2.149999999999999947e-04,2.790000000000000054e-04,3.660000000000000059e-04,4.960000000000000216e-04,7.159999999999999481e-04
1.189999999999999957e-05,9.816857000000000610e+00,4.000000000000000000e+00,1.160000000000000075e-05,2.370000000000000009e-05,3.660000000000000194e-05,5.099999999999999960e-05,6.700000000000000226e-05,8.700000000000000051e-05,1.119999999999999983e-04,1.450000000000000009e-04,1.930000000000000021e-04,2.649999999999999903e-04
2.860000000000000061e-05,7.809410999999999881e+00,4.000000000000000000e+00,2.229999999999999994e-05,4.619999999999999812e-05,7.150000000000000322e-05,9.849999999999999544e-05,1.310000000000000129e-04,1.689999999999999879e-04,2.159999999999999919e-04,2.790000000000000054e-04,3.660000000000000059e-04,4.970000000000000459e-04
3.019999999999999885e-05,1.132179999999999964e+01,4.000000000000000000e+00,3.419999999999999782e-05,6.990000000000000499e-05,1.079999999999999960e-04,1.510000000000000112e-04,2.010000000000000068e-04,2.629999999999999959e-04,3.420000000000000188e-04,4.510000000000000120e-04,6.139999999999999625e-04,8.989999999999999511e-04
5.390000000000000063e-06,8.582432000000000727e+00,4.000000000000000000e+00,4.619999999999999812e-06,9.029999999999999941e-06,1.399999999999999979e-05,1.949999999999999965e-05,2.580000000000000031e-05,3.350000000000000113e-05,4.300000000000000165e-05,5.560000000000000299e-05,7.320000000000000389e-05,1.000000000000000048e-04
4.130000000000000099e-05,9.735879999999999868e+00,4.000000000000000000e+00,4.020000000000000136e-05,8.210000000000000338e-05,1.269999999999999970e-04,1.769999999999999926e-04,2.359999999999999902e-04,3.069999999999999812e-04,3.980000000000000248e-04,5.209999999999999788e-04,7.050000000000000060e-04,1.010000000000000047e-03
5.649999999999999776e-05,8.985689999999999955e+00,4.000000000000000000e+00,5.080000000000000151e-05,1.039999999999999936e-04,1.610000000000000103e-04,2.239999999999999966e-04,2.970000000000000092e-04,3.860000000000000041e-04,4.989999999999999861e-04,6.509999999999999945e-04,8.720000000000000537e-04,1.229999999999999974e-03
2.079999999999999991e-06,1.441369000000000078e+01,4.000000000000000000e+00,3.000000000000000076e-06,6.119999999999999850e-06,9.510000000000000427e-06,1.329999999999999972e-05,1.779999999999999898e-05,2.330000000000000053e-05,3.040000000000000032e-05,4.000000000000000327e-05,5.459999999999999901e-05,8.000000000000000654e-05
2.830000000000000010e-05,1.010523000000000060e+01,4.000000000000000000e+00,2.860000000000000061e-05,5.830000000000000086e-05,9.019999999999999698e-05,1.250000000000000026e-04,1.659999999999999963e-04,2.159999999999999919e-04,2.799999999999999755e-04,3.660000000000000059e-04,4.920000000000000328e-04,6.989999999999999686e-04
5.670000000000000262e-05,9.382625000000000881e+00,4.000000000000000000e+00,5.319999999999999886e-05,1.090000000000000067e-04,1.679999999999999907e-04,2.349999999999999930e-04,3.110000000000000243e-04,4.049999999999999781e-04,5.270000000000000162e-04,6.880000000000000265e-04,9.290000000000000297e-04,1.319999999999999993e-03
1.679999999999999839e-05,9.267984000000000222e+00,4.000000000000000000e+00,1.550000000000000068e-05,3.169999999999999804e-05,4.920000000000000328e-05,6.860000000000000050e-05,9.110000000000000530e-05,1.179999999999999951e-04,1.530000000000000056e-04,2.000000000000000096e-04,2.669999999999999847e-04,3.780000000000000265e-04
3.190000000000000290e-05,1.124785999999999930e+01,4.000000000000000000e+00,3.589999999999999848e-05,7.320000000000000389e-05,1.129999999999999955e-04,1.569999999999999944e-04,2.090000000000000115e-04,2.739999999999999923e-04,3.559999999999999797e-04,4.659999999999999971e-04,6.319999999999999663e-04,9.120000000000000502e-04
9.290000000000000840e-06,1.141136000000000017e+01,4.000000000000000000e+00,1.060000000000000016e-05,2.159999999999999987e-05,3.350000000000000113e-05,4.679999999999999915e-05,6.169999999999999541e-05,8.059999999999999402e-05,1.050000000000000044e-04,1.379999999999999933e-04,1.869999999999999917e-04,2.669999999999999847e-04
4.140000000000000173e-06,1.018371999999999922e+01,4.000000000000000000e+00,4.210000000000000349e-06,8.339999999999999771e-06,1.329999999999999972e-05,1.849999999999999906e-05,2.460000000000000164e-05,3.199999999999999855e-05,4.119999999999999856e-05,5.349999999999999938e-05,7.100000000000000462e-05,9.909999999999999647e-05
3.749999999999999671e-05,9.891505000000000436e+00,4.000000000000000000e+00,3.710000000000000054e-05,7.569999999999999689e-05,1.169999999999999979e-04,1.640000000000000019e-04,2.180000000000000134e-04,2.829999999999999942e-04,3.680000000000000003e-04,4.820000000000000066e-04,6.520000000000000188e-04,9.399999999999999719e-04
1.730000000000000038e-05,1.339451000000000036e+01,4.000000000000000000e+00,2.309999999999999906e-05,4.720000000000000210e-05,7.320000000000000389e-05,1.019999999999999992e-04,1.359999999999999989e-04,1.779999999999999898e-04,2.320000000000000014e-04,3.060000000000000111e-04,4.200000000000000174e-04,6.189999999999999756e-04
3.749999999999999671e-05,8.899684999999999846e+00,4.000000000000000000e+00,3.339999999999999870e-05,6.820000000000000433e-05,1.060000000000000016e-04,1.469999999999999953e-04,1.959999999999999937e-04,2.550000000000000183e-04,3.310000000000000225e-04,4.310000000000000137e-04,5.810000000000000277e-04,8.300000000000000086e-04
4.240000000000000062e-05,1.165798999999999985e+01,4.000000000000000000e+00,4.949999999999999702e-05,1.010000000000000020e-04,1.569999999999999944e-04,2.200000000000000078e-04,2.939999999999999905e-04,3.860000000000000041e-04,5.050000000000000235e-04,6.710000000000000469e-04,9.200000000000000278e-04,1.340000000000000045e-03
2.209999999999999847e-05,7.802260999999999669e+00,4.000000000000000000e+00,1.730000000000000038e-05,3.460000000000000076e-05,5.440000000000000093e-05,7.569999999999999689e-05,9.930000000000000133e-05,1.289999999999999914e-04,1.659999999999999963e-04,2.149999999999999947e-04,2.829999999999999942e-04,3.890000000000000228e-04
4.110000000000000290e-05,8.375667999999999225e+00,4.000000000000000000e+00,3.440000000000000268e-05,7.069999999999999733e-05,1.090000000000000067e-04,1.510000000000000112e-04,2.010000000000000068e-04,2.599999999999999772e-04,3.359999999999999814e-04,4.380000000000000213e-04,5.820000000000000520e-04,8.130000000000000291e-04
8.509999999999999498e-05,7.935496999999999801e+00,4.000000000000000000e+00,6.750000000000000086e-05,1.379999999999999933e-04,2.130000000000000003e-04,2.950000000000000148e-04,3.899999999999999929e-04,5.050000000000000235e-04,6.489999999999999459e-04,8.369999999999999619e-04,1.100000000000000066e-03,1.490000000000000005e-03
9.770000000000000310e-05,8.098361999999999838e+00,4.000000000000000000e+00,7.909999999999999822e-05,1.620000000000000075e-04,2.489999999999999809e-04,3.460000000000000076e-04,4.600000000000000139e-04,5.980000000000000072e-04,7.730000000000000326e-04,1.010000000000000047e-03,1.350000000000000071e-03,1.840000000000000056e-03
4.729999999999999606e-06,1.417089999999999961e+01,4.000000000000000000e+00,6.710000000000000130e-06,1.369999999999999927e-05,2.129999999999999935e-05,2.989999999999999833e-05,3.979999999999999841e-05,5.209999999999999923e-05,6.799999999999999946e-05,9.000000000000000567e-05,1.230000000000000082e-04,1.830000000000000029e-04
2.040000000000000119e-05,1.001287999999999911e+01,4.000000000000000000e+00,2.040000000000000119e-05,4.100000000000000047e-05,6.439999999999999327e-05,8.969999999999999838e-05,1.190000000000000058e-04,1.550000000000000000e-04,2.000000000000000096e-04,2.599999999999999772e-04,3.510000000000000208e-04,4.979999999999999618e-04
5.379999999999999989e-05,9.102574000000000609e+00,4.000000000000000000e+00,4.890000000000000276e-05,1.000000000000000048e-04,1.550000000000000000e-04,2.159999999999999919e-04,2.869999999999999830e-04,3.730000000000000134e-04,4.840000000000000010e-04,6.310000000000000504e-04,8.469999999999999881e-04,1.199999999999999895e-03
5.040000000000000026e-06,9.420016999999999641e+00,4.000000000000000000e+00,4.750000000000000262e-06,9.650000000000000781e-06,1.489999999999999964e-05,2.080000000000000075e-05,2.760000000000000002e-05,3.580000000000000283e-05,4.589999999999999761e-05,5.929999999999999806e-05,7.810000000000000102e-05,1.069999999999999988e-04
1.669999999999999935e-05,1.142041000000000039e+01,4.000000000000000000e+00,1.910000000000000009e-05,3.889999999999999686e-05,6.039999999999999769e-05,8.430000000000000264e-05,1.119999999999999983e-04,1.459999999999999981e-04,1.900000000000000105e-04,2.500000000000000052e-04,3.379999999999999758e-04,4.899999999999999842e-04
1.010000000000000020e-04,7.933773000000000408e+00,4.000000000000000000e+00,8.000000000000000654e-05,1.630000000000000047e-04,2.509999999999999753e-04,3.490000000000000263e-04,4.640000000000000027e-04,6.019999999999999961e-04,7.770000000000000214e-04,1.010000000000000047e-03,1.340000000000000045e-03,1.830000000000000029e-03
1.410000000000000053e-05,1.490326999999999913e+01,4.000000000000000000e+00,2.099999999999999884e-05,4.289999999999999922e-05,6.650000000000000366e-05,9.239999999999999624e-05,1.230000000000000082e-04,1.630000000000000047e-04,2.120000000000000031e-04,2.809999999999999998e-04,3.879999999999999985e-04,5.810000000000000277e-04
4.440000000000000180e-05,1.217290999999999990e+01,4.000000000000000000e+00,5.410000000000000041e-05,1.100000000000000039e-04,1.700000000000000122e-04,2.380000000000000117e-04,3.170000000000000075e-04,4.130000000000000099e-04,5.379999999999999583e-04,7.089999999999999948e-04,9.650000000000000374e-04,1.369999999999999907e-03
1.060000000000000016e-05,9.187291999999999348e+00,4.000000000000000000e+00,9.779999999999999536e-06,1.989999999999999921e-05,3.080000000000000326e-05,4.300000000000000165e-05,5.640000000000000211e-05,7.339999999999999520e-05,9.469999999999999794e-05,1.230000000000000082e-04,1.640000000000000019e-04,2.269999999999999882e-04
1.309999999999999994e-05,8.410475999999999175e+00,4.000000000000000000e+00,1.099999999999999971e-05,2.239999999999999899e-05,3.460000000000000076e-05,4.830000000000000173e-05,6.349999999999999850e-05,8.249999999999999955e-05,1.060000000000000016e-04,1.379999999999999933e-04,1.830000000000000029e-04,2.539999999999999940e-04
9.480000000000000715e-06,1.201271000000000022e+01,4.000000000000000000e+00,1.139999999999999927e-05,2.320000000000000149e-05,3.610000000000000334e-05,5.050000000000000100e-05,6.660000000000000609e-05,8.689999999999999808e-05,1.140000000000000063e-04,1.499999999999999869e-04,2.020000000000000040e-04,2.910000000000000260e-04
4.510000000000000018e-06,1.199014000000000024e+01,4.000000000000000000e+00,5.399999999999999967e-06,1.099999999999999971e-05,1.709999999999999891e-05,2.390000000000000157e-05,3.180000000000000047e-05,4.149999999999999907e-05,5.379999999999999989e-05,7.050000000000000602e-05,9.490000000000000280e-05,1.359999999999999989e-04
1.419999999999999957e-05,1.056080000000000041e+01,4.000000000000000000e+00,1.500000000000000038e-05,3.049999999999999936e-05,4.720000000000000210e-05,6.580000000000000020e-05,8.739999999999999668e-05,1.140000000000000063e-04,1.469999999999999953e-04,1.900000000000000105e-04,2.550000000000000183e-04,3.589999999999999984e-04
3.229999999999999907e-05,1.107140000000000057e+01,4.000000000000000000e+00,3.570000000000000040e-05,7.279999999999999416e-05,1.119999999999999983e-04,1.559999999999999972e-04,2.069999999999999900e-04,2.700000000000000035e-04,3.490000000000000263e-04,4.550000000000000008e-04,6.089999999999999494e-04,8.610000000000000032e-04
6.090000000000000307e-05,9.427160999999999902e+00,4.000000000000000000e+00,5.739999999999999931e-05,1.179999999999999951e-04,1.820000000000000057e-04,2.530000000000000239e-04,3.359999999999999814e-04,4.360000000000000269e-04,5.659999999999999884e-04,7.360000000000000006e-04,9.870000000000000301e-04,1.379999999999999933e-03
1.439999999999999935e-05,1.207447999999999944e+01,4.000000000000000000e+00,1.739999999999999942e-05,3.539999999999999988e-05,5.489999999999999953e-05,7.590000000000000175e-05,1.010000000000000020e-04,1.320000000000000101e-04,1.710000000000000094e-04,2.249999999999999938e-04,3.049999999999999868e-04,4.380000000000000213e-04
7.960000000000000021e-06,1.248958999999999975e+01,4.000000000000000000e+00,9.939999999999999698e-06,2.029999999999999876e-05,3.139999999999999752e-05,4.399999999999999886e-05,5.849999999999999894e-05,7.550000000000000558e-05,9.890000000000000516e-05,1.299999999999999886e-04,1.749999999999999982e-04,2.519999999999999996e-04
4.750000000000000262e-05,8.422684000000000282e+00,4.000000000000000000e+00,4.000000000000000327e-05,8.200000000000000095e-05,1.269999999999999970e-04,1.769999999999999926e-04,2.349999999999999930e-04,3.049999999999999868e-04,3.950000000000000061e-04,5.150000000000000498e-04,6.899999999999999667e-04,9.779999999999999197e-04
8.909999999999999734e-05,8.529631000000000185e+00,4.000000000000000000e+00,7.600000000000000418e-05,1.559999999999999972e-04,2.410000000000000033e-04,3.359999999999999814e-04,4.470000000000000232e-04,5.829999999999999679e-04,7.550000000000000287e-04,9.890000000000000787e-04,1.330000000000000019e-03,1.850000000000000082e-03
6.389999999999999467e-05,8.848344000000000875e+00,4.000000000000000000e+00,5.649999999999999776e-05,1.160000000000000007e-04,1.779999999999999898e-04,2.480000000000000108e-04,3.280000000000000038e-04,4.249999999999999763e-04,5.479999999999999845e-04,7.089999999999999948e-04,9.380000000000000317e-04,1.289999999999999914e-03
4.350000000000000026e-05,1.178973000000000049e+01,4.000000000000000000e+00,5.119999999999999768e-05,1.050000000000000044e-04,1.610000000000000103e-04,2.249999999999999938e-04,2.990000000000000036e-04,3.899999999999999929e-04,5.060000000000000478e-04,6.650000000000000095e-04,8.999999999999999754e-04,1.270000000000000078e-03
1.569999999999999876e-05,1.484509000000000079e+01,4.000000000000000000e+00,2.339999999999999958e-05,4.780000000000000313e-05,7.409999999999999866e-05,1.029999999999999964e-04,1.379999999999999933e-04,1.810000000000000085e-04,2.369999999999999874e-04,3.139999999999999888e-04,4.330000000000000081e-04,6.489999999999999459e-04
7.209999999999999578e-06,1.112106999999999957e+01,4.000000000000000000e+00,8.019999999999999446e-06,1.639999999999999883e-05,2.540000000000000076e-05,3.559999999999999797e-05,4.740000000000000018e-05,6.190000000000000027e-05,8.040000000000000271e-05,1.050000000000000044e-04,1.420000000000000092e-04,2.039999999999999984e-04
9.710000000000000206e-06,1.123920000000000030e+01,4.000000000000000000e+00,1.090000000000000067e-05,2.229999999999999994e-05,3.460000000000000076e-05,4.849999999999999982e-05,6.470000000000000057e-05,8.449999999999999395e-05,1.100000000000000039e-04,1.440000000000000036e-04,1.949999999999999965e-04,2.809999999999999998e-04
2.440000000000000017e-05,1.007849000000000039e+01,4.000000000000000000e+00,2.460000000000000164e-05,4.970000000000000188e-05,7.799999999999999859e-05,1.090000000000000067e-04,1.450000000000000009e-04,1.890000000000000133e-04,2.449999999999999921e-04,3.209999999999999963e-04,4.350000000000000026e-04,6.269999999999999532e-04
6.019999999999999961e-06,1.496301000000000059e+01,4.000000000000000000e+00,9.010000000000000132e-06,1.840000000000000001e-05,2.860000000000000061e-05,4.009999999999999893e-05,5.349999999999999938e-05,6.999999999999999387e-05,9.139999999999999904e-05,1.210000000000000002e-04,1.669999999999999935e-04,2.469999999999999865e-04
1.739999999999999942e-05,1.258031000000000077e+01,4.000000000000000000e+00,2.190000000000000039e-05,4.479999999999999797e-05,6.949999999999999527e-05,9.629999999999999617e-05,1.279999999999999942e-04,1.669999999999999935e-04,2.180000000000000134e-04,2.880000000000000073e-04,3.910000000000000172e-04,5.689999999999999529e-04
5.690000000000000071e-05,8.669385000000000119e+00,4.000000000000000000e+00,4.929999999999999893e-05,1.010000000000000020e-04,1.559999999999999972e-04,2.169999999999999891e-04,2.880000000000000073e-04,3.739999999999999835e-04,4.829999999999999767e-04,6.250000000000000130e-04,8.310000000000000329e-04,1.160000000000000007e-03
6.339999999999999607e-05,9.366441000000000017e+00,4.000000000000000000e+00,5.940000000000000049e-05,1.219999999999999974e-04,1.890000000000000133e-04,2.640000000000000202e-04,3.499999999999999964e-04,4.560000000000000251e-04,5.919999999999999698e-04,7.770000000000000214e-04,1.049999999999999935e-03,1.479999999999999979e-03
4.279999999999999679e-05,1.075141999999999953e+01,4.000000000000000000e+00,4.600000000000000004e-05,9.380000000000000317e-05,1.450000000000000009e-04,2.020000000000000040e-04,2.689999999999999791e-04,3.499999999999999964e-04,4.550000000000000008e-04,5.959999999999999586e-04,8.040000000000000271e-04,1.139999999999999954e-03
4.000000000000000327e-05,7.994678000000000395e+00,4.000000000000000000e+00,3.199999999999999855e-05,6.519999999999999917e-05,1.010000000000000020e-04,1.389999999999999905e-04,1.849999999999999973e-04,2.400000000000000061e-04,3.089999999999999756e-04,3.989999999999999949e-04,5.280000000000000405e-04,7.290000000000000473e-04
8.019999999999999446e-06,9.804475999999999303e+00,4.000000000000000000e+00,7.859999999999999284e-06,1.599999999999999928e-05,2.489999999999999877e-05,3.479999999999999885e-05,4.640000000000000298e-05,6.030000000000000204e-05,7.820000000000000345e-05,1.019999999999999992e-04,1.379999999999999933e-04,1.959999999999999937e-04
5.620000000000000402e-06,1.048399999999999999e+01,4.000000000000000000e+00,5.890000000000000358e-06,1.200000000000000030e-05,1.860000000000000149e-05,2.599999999999999840e-05,3.470000000000000319e-05,4.509999999999999849e-05,5.830000000000000086e-05,7.629999999999999792e-05,1.019999999999999992e-04,1.450000000000000009e-04
5.110000000000000203e-06,1.299674000000000085e+01,4.000000000000000000e+00,6.649999999999999858e-06,1.349999999999999949e-05,2.099999999999999884e-05,2.939999999999999973e-05,3.910000000000000172e-05,5.110000000000000203e-05,6.569999999999999777e-05,8.760000000000000154e-05,1.190000000000000058e-04,1.730000000000000038e-04
1.119999999999999949e-05,1.215652000000000044e+01,4.000000000000000000e+00,1.360000000000000023e-05,2.780000000000000149e-05,4.309999999999999731e-05,6.030000000000000204e-05,8.030000000000000028e-05,1.050000000000000044e-04,1.369999999999999961e-04,1.800000000000000113e-04,2.439999999999999949e-04,3.589999999999999984e-04
1.809999999999999950e-05,1.055574999999999974e+01,4.000000000000000000e+00,1.910000000000000009e-05,3.899999999999999929e-05,6.060000000000000255e-05,8.459999999999999638e-05,1.129999999999999955e-04,1.469999999999999953e-04,1.900000000000000105e-04,2.530000000000000239e-04,3.379999999999999758e-04,4.889999999999999599e-04
5.879999999999999607e-06,1.094525999999999932e+01,4.000000000000000000e+00,6.430000000000000270e-06,1.320000000000000067e-05,2.050000000000000024e-05,2.869999999999999965e-05,3.820000000000000018e-05,4.920000000000000328e-05,6.399999999999999710e-05,8.440000000000000507e-05,1.140000000000000063e-04,1.630000000000000047e-04
1.669999999999999935e-05,1.381448999999999927e+01,4.000000000000000000e+00,2.300000000000000002e-05,4.699999999999999724e-05,7.289999999999999660e-05,1.010000000000000020e-04,1.359999999999999989e-04,1.769999999999999926e-04,2.310000000000000042e-04,3.040000000000000167e-04,4.159999999999999744e-04,6.120000000000000223e-04
8.200000000000000095e-05,9.041152000000000299e+00,4.000000000000000000e+00,7.409999999999999866e-05,1.520000000000000084e-04,2.339999999999999958e-04,3.249999999999999851e-04,4.330000000000000081e-04,5.640000000000000482e-04,7.320000000000000118e-04,9.569999999999999514e-04,1.289999999999999914e-03,1.779999999999999898e-03
1.460000000000000082e-05,1.242695999999999934e+01,4.000000000000000000e+00,1.819999999999999854e-05,3.710000000000000054e-05,5.750000000000000174e-05,8.009999999999999542e-05,1.069999999999999988e-04,1.389999999999999905e-04,1.800000000000000113e-04,2.349999999999999930e-04,3.190000000000000019e-04,4.580000000000000195e-04
8.169999999999999704e-06,8.461961999999999762e+00,4.000000000000000000e+00,6.919999999999999814e-06,1.410000000000000053e-05,2.190000000000000039e-05,3.059999999999999840e-05,4.069999999999999996e-05,5.229999999999999732e-05,6.770000000000000572e-05,8.849999999999999631e-05,1.179999999999999951e-04,1.669999999999999935e-04
3.369999999999999922e-05,1.278084999999999916e+01,4.000000000000000000e+00,4.309999999999999731e-05,8.780000000000000640e-05,1.359999999999999989e-04,1.890000000000000133e-04,2.509999999999999753e-04,3.269999999999999795e-04,4.249999999999999763e-04,5.559999999999999621e-04,7.529999999999999801e-04,1.080000000000000014e-03
8.380000000000000404e-05,7.940601000000000020e+00,4.000000000000000000e+00,6.660000000000000609e-05,1.359999999999999989e-04,2.100000000000000087e-04,2.910000000000000260e-04,3.849999999999999798e-04,4.989999999999999861e-04,6.419999999999999925e-04,8.270000000000000441e-04,1.090000000000000040e-03,1.479999999999999979e-03
1.439999999999999935e-05,9.688560000000000727e+00,4.000000000000000000e+00,1.390000000000000075e-05,2.839999999999999914e-05,4.399999999999999886e-05,6.129999999999999924e-05,8.129999999999999749e-05,1.060000000000000016e-04,1.359999999999999989e-04,1.769999999999999926e-04,2.359999999999999902e-04,3.310000000000000225e-04
9.290000000000000840e-06,8.812436999999999188e+00,4.000000000000000000e+00,8.179999999999999609e-06,1.669999999999999935e-05,2.589999999999999936e-05,3.610000000000000334e-05,4.800000000000000122e-05,6.239999999999999887e-05,8.059999999999999402e-05,1.050000000000000044e-04,1.389999999999999905e-04,1.969999999999999909e-04
8.379999999999999388e-06,1.325676999999999950e+01,4.000000000000000000e+00,1.110000000000000045e-05,2.290000000000000098e-05,3.539999999999999988e-05,4.949999999999999702e-05,6.519999999999999917e-05,8.569999999999999602e-05,1.110000000000000011e-04,1.459999999999999981e-04,1.969999999999999909e-04,2.840000000000000185e-04
3.550000000000000231e-05,1.396035000000000004e+01,4.000000000000000000e+00,4.949999999999999702e-05,1.010000000000000020e-04,1.559999999999999972e-04,2.180000000000000134e-04,2.910000000000000260e-04,3.809999999999999910e-04,4.989999999999999861e-04,6.610000000000000207e-04,9.060000000000000128e-04,1.309999999999999967e-03
7.200000000000000182e-05,1.039043999999999990e+01,4.000000000000000000e+00,7.480000000000000212e-05,1.530000000000000056e-04,2.369999999999999874e-04,3.289999999999999739e-04,4.360000000000000269e-04,5.680000000000000370e-04,7.360000000000000006e-04,9.610000000000000486e-04,1.270000000000000078e-03,1.750000000000000036e-03
2.330000000000000053e-05,1.081528999999999918e+01,4.000000000000000000e+00,2.519999999999999928e-05,5.130000000000000011e-05,7.940000000000000551e-05,1.100000000000000039e-04,1.459999999999999981e-04,1.900000000000000105e-04,2.460000000000000164e-04,3.220000000000000206e-04,4.330000000000000081e-04,6.149999999999999868e-04
3.490000000000000128e-05,1.109248999999999974e+01,4.000000000000000000e+00,3.869999999999999878e-05,7.909999999999999822e-05,1.219999999999999974e-04,1.710000000000000094e-04,2.269999999999999882e-04,2.970000000000000092e-04,3.860000000000000041e-04,5.060000000000000478e-04,6.859999999999999779e-04,9.890000000000000787e-04
1.830000000000000097e-05,1.126195000000000057e+01,4.000000000000000000e+00,2.059999999999999928e-05,4.210000000000000011e-05,6.519999999999999917e-05,9.029999999999999941e-05,1.200000000000000030e-04,1.569999999999999944e-04,2.039999999999999984e-04,2.680000000000000090e-04,3.600000000000000227e-04,5.140000000000000254e-04
5.910000000000000167e-06,9.554342000000000112e+00,4.000000000000000000e+00,5.650000000000000115e-06,1.150000000000000001e-05,1.779999999999999898e-05,2.479999999999999972e-05,3.290000000000000010e-05,4.210000000000000011e-05,5.479999999999999710e-05,7.069999999999999733e-05,9.359999999999999831e-05,1.289999999999999914e-04
3.390000000000000154e-06,1.045796999999999954e+01,4.000000000000000000e+00,3.539999999999999988e-06,7.220000000000000330e-06,1.119999999999999949e-05,1.559999999999999972e-05,2.080000000000000075e-05,2.710000000000000142e-05,3.499999999999999693e-05,4.559999999999999709e-05,6.090000000000000307e-05,8.579999999999999845e-05
5.849999999999999894e-06,1.125070999999999977e+01,4.000000000000000000e+00,6.579999999999999681e-06,1.340000000000000045e-05,2.080000000000000075e-05,2.920000000000000164e-05,3.899999999999999929e-05,5.089999999999999717e-05,6.609999999999999394e-05,8.670000000000000677e-05,1.169999999999999979e-04,1.669999999999999935e-04
3.749999999999999671e-05,1.443251000000000062e+01,4.000000000000000000e+00,5.420000000000000284e-05,1.110000000000000011e-04,1.710000000000000094e-04,2.400000000000000061e-04,3.200000000000000262e-04,4.200000000000000174e-04,5.500000000000000331e-04,7.320000000000000118e-04,1.000000000000000021e-03,1.449999999999999900e-03
4.050000000000000187e-05,8.994455000000000311e+00,4.000000000000000000e+00,3.639999999999999708e-05,7.480000000000000212e-05,1.160000000000000007e-04,1.610000000000000103e-04,2.139999999999999975e-04,2.770000000000000110e-04,3.579999999999999741e-04,4.659999999999999971e-04,6.220000000000000485e-04,8.760000000000000425e-04
7.399999999999999623e-05,8.132182999999999495e+00,4.000000000000000000e+00,6.019999999999999961e-05,1.230000000000000082e-04,1.900000000000000105e-04,2.640000000000000202e-04,3.490000000000000263e-04,4.510000000000000120e-04,5.800000000000000034e-04,7.489999999999999913e-04,9.870000000000000301e-04,1.350000000000000071e-03
1.270000000000000038e-05,9.547079999999999345e+00,4.000000000000000000e+00,1.209999999999999935e-05,2.470000000000000068e-05,3.820000000000000018e-05,5.330000000000000129e-05,7.059999999999999490e-05,9.160000000000000390e-05,1.179999999999999951e-04,1.530000000000000056e-04,2.039999999999999984e-04,2.849999999999999886e-04
2.729999999999999951e-05,1.437412999999999919e+01,4.000000000000000000e+00,3.929999999999999981e-05,8.019999999999999785e-05,1.240000000000000054e-04,1.730000000000000038e-04,2.310000000000000042e-04,3.020000000000000223e-04,3.970000000000000005e-04,5.220000000000000031e-04,7.190000000000000210e-04,1.049999999999999935e-03
1.580000000000000119e-05,1.434645000000000081e+01,4.000000000000000000e+00,2.269999999999999950e-05,4.640000000000000298e-05,7.200000000000000182e-05,1.000000000000000048e-04,1.330000000000000073e-04,1.759999999999999954e-04,2.290000000000000098e-04,3.029999999999999924e-04,4.169999999999999987e-04,6.210000000000000242e-04
9.439999999999999403e-06,8.598969000000000307e+00,4.000000000000000000e+00,8.110000000000000279e-06,1.650000000000000127e-05,2.559999999999999884e-05,3.580000000000000283e-05,4.759999999999999827e-05,6.179999999999999784e-05,7.969999999999999925e-05,1.039999999999999936e-04,1.379999999999999933e-04,1.939999999999999993e-04
5.860000000000000137e-05,9.047249000000000763e+00,4.000000000000000000e+00,5.300000000000000078e-05,1.090000000000000067e-04,1.679999999999999907e-04,2.349999999999999930e-04,3.119999999999999944e-04,4.060000000000000024e-04,5.280000000000000405e-04,6.920000000000000153e-04,9.349999999999999587e-04,1.340000000000000045e-03
9.569999999999999514e-05,8.535247999999999280e+00,4.000000000000000000e+00,8.169999999999999366e-05,1.669999999999999935e-04,2.579999999999999828e-04,3.579999999999999741e-04,4.749999999999999990e-04,6.160000000000000111e-04,7.940000000000000009e-04,1.030000000000000100e-03,1.360000000000000098e-03,1.850000000000000082e-03
7.160000000000000565e-05,8.198320000000000718e+00,4.000000000000000000e+00,5.869999999999999703e-05,1.200000000000000030e-04,1.849999999999999973e-04,2.570000000000000127e-04,3.400000000000000244e-04,4.389999999999999914e-04,5.649999999999999641e-04,7.280000000000000230e-04,9.569999999999999514e-04,1.309999999999999967e-03
3.199999999999999855e-05,9.014673000000000158e+00,4.000000000000000000e+00,2.879999999999999870e-05,5.869999999999999703e-05,9.090000000000000044e-05,1.259999999999999998e-04,1.669999999999999935e-04,2.169999999999999891e-04,2.790000000000000054e-04,3.640000000000000115e-04,4.840000000000000010e-04,6.769999999999999759e-04
2.820000000000000105e-06,1.201036999999999999e+01,4.000000000000000000e+00,3.390000000000000154e-06,6.909999999999999910e-06,1.069999999999999920e-05,1.500000000000000038e-05,2.000000000000000164e-05,2.610000000000000083e-05,3.380000000000000165e-05,4.419999999999999694e-05,5.950000000000000292e-05,8.509999999999999498e-05
4.089999999999999804e-05,1.039893999999999963e+01,4.000000000000000000e+00,4.259999999999999871e-05,8.739999999999999668e-05,1.350000000000000017e-04,1.879999999999999890e-04,2.500000000000000052e-04,3.240000000000000150e-04,4.200000000000000174e-04,5.479999999999999845e-04,7.370000000000000249e-04,1.049999999999999935e-03
3.019999999999999885e-05,1.253354999999999997e+01,4.000000000000000000e+00,3.789999999999999966e-05,7.749999999999999999e-05,1.200000000000000030e-04,1.679999999999999907e-04,2.239999999999999966e-04,2.930000000000000204e-04,3.829999999999999854e-04,5.060000000000000478e-04,6.960000000000000041e-04,1.030000000000000100e-03
2.120000000000000031e-05,1.101305999999999941e+01,4.000000000000000000e+00,2.330000000000000053e-05,4.750000000000000262e-05,7.370000000000000249e-05,1.019999999999999992e-04,1.359999999999999989e-04,1.769999999999999926e-04,2.290000000000000098e-04,3.009999999999999980e-04,4.060000000000000024e-04,5.810000000000000277e-04
8.960000000000000611e-06,1.310059000000000040e+01,4.000000000000000000e+00,1.169999999999999979e-05,2.390000000000000157e-05,3.710000000000000054e-05,5.170000000000000306e-05,6.810000000000000189e-05,8.940000000000000464e-05,1.160000000000000007e-04,1.510000000000000112e-04,2.039999999999999984e-04,2.910000000000000260e-04
2.510000000000000024e-05,9.215196000000000609e+00,4.000000000000000000e+00,2.309999999999999906e-05,4.720000000000000210e-05,7.299999999999999903e-05,1.019999999999999992e-04,1.350000000000000017e-04,1.749999999999999982e-04,2.259999999999999910e-04,2.930000000000000204e-04,3.899999999999999929e-04,5.460000000000000443e-04
1.190000000000000058e-04,7.790288999999999575e+00,4.000000000000000000e+00,9.309999999999999970e-05,1.910000000000000077e-04,2.930000000000000204e-04,4.070000000000000267e-04,5.389999999999999826e-04,6.989999999999999686e-04,9.009999999999999997e-04,1.170000000000000033e-03,1.529999999999999893e-03,2.060000000000000199e-03
4.860000000000000225e-05,1.195951999999999948e+01,4.000000000000000000e+00,5.810000000000000277e-05,1.190000000000000058e-04,1.840000000000000001e-04,2.570000000000000127e-04,3.420000000000000188e-04,4.479999999999999933e-04,5.869999999999999567e-04,7.749999999999999728e-04,1.059999999999999961e-03,1.520000000000000084e-03
6.519999999999999917e-05,9.478085000000000093e+00,4.000000000000000000e+00,6.179999999999999784e-05,1.269999999999999970e-04,1.949999999999999965e-04,2.719999999999999979e-04,3.600000000000000227e-04,4.679999999999999915e-04,6.049999999999999606e-04,7.889999999999999878e-04,1.049999999999999935e-03,1.459999999999999926e-03
1.509999999999999942e-05,8.282270000000000465e+00,4.000000000000000000e+00,1.250000000000000060e-05,2.549999999999999980e-05,3.940000000000000224e-05,5.500000000000000196e-05,7.299999999999999903e-05,9.359999999999999831e-05,1.210000000000000002e-04,1.579999999999999916e-04,2.100000000000000087e-04,2.930000000000000204e-04
7.660000000000000522e-05,7.757590000000000430e+00,4.000000000000000000e+00,5.940000000000000049e-05,1.219999999999999974e-04,1.869999999999999917e-04,2.599999999999999772e-04,3.440000000000000132e-04,4.449999999999999746e-04,5.730000000000000501e-04,7.360000000000000006e-04,9.690000000000000262e-04,1.319999999999999993e-03
3.700000000000000150e-06,1.368876000000000026e+01,4.000000000000000000e+00,5.059999999999999835e-06,1.040000000000000038e-05,1.609999999999999832e-05,2.250000000000000142e-05,3.009999999999999980e-05,3.929999999999999981e-05,5.119999999999999768e-05,6.760000000000000329e-05,9.210000000000000250e-05,1.350000000000000017e-04
1.709999999999999891e-05,1.178686000000000078e+01,4.000000000000000000e+00,2.019999999999999972e-05,4.110000000000000290e-05,6.370000000000000336e-05,8.880000000000000360e-05,1.179999999999999951e-04,1.540000000000000028e-04,1.979999999999999881e-04,2.599999999999999772e-04,3.510000000000000208e-04,5.019999999999999506e-04
9.340000000000000361e-06,9.007377999999999219e+00,4.000000000000000000e+00,8.420000000000000699e-06,1.720000000000000134e-05,2.659999999999999943e-05,3.720000000000000298e-05,4.949999999999999702e-05,6.430000000000000440e-05,8.320000000000000301e-05,1.090000000000000067e-04,1.440000000000000036e-04,2.049999999999999956e-04
8.879999999999999683e-06,9.424588999999999217e+00,4.000000000000000000e+00,8.369999999999999484e-06,1.709999999999999891e-05,2.629999999999999892e-05,3.669999999999999760e-05,4.860000000000000225e-05,6.289999999999999747e-05,8.079999999999999888e-05,1.039999999999999936e-04,1.369999999999999961e-04,1.879999999999999890e-04
4.009999999999999893e-05,9.544703999999999411e+00,4.000000000000000000e+00,3.830000000000000261e-05,7.859999999999999962e-05,1.219999999999999974e-04,1.689999999999999879e-04,2.249999999999999938e-04,2.919999999999999961e-04,3.780000000000000265e-04,4.939999999999999730e-04,6.629999999999999609e-04,9.420000000000000205e-04
7.009999999999999630e-05,8.780478000000000449e+00,4.000000000000000000e+00,6.150000000000000410e-05,1.259999999999999998e-04,1.949999999999999965e-04,2.709999999999999735e-04,3.600000000000000227e-04,4.690000000000000158e-04,6.070000000000000092e-04,7.929999999999999766e-04,1.069999999999999988e-03,1.490000000000000005e-03
5.329999999999999791e-06,1.110119000000000078e+01,4.000000000000000000e+00,5.910000000000000167e-06,1.200000000000000030e-05,1.870000000000000053e-05,2.610000000000000083e-05,3.479999999999999885e-05,4.530000000000000335e-05,5.860000000000000137e-05,7.650000000000000279e-05,1.029999999999999964e-04,1.469999999999999953e-04
2.799999999999999958e-05,1.004062000000000054e+01,4.000000000000000000e+00,2.820000000000000105e-05,5.810000000000000277e-05,8.980000000000000081e-05,1.240000000000000054e-04,1.649999999999999991e-04,2.130000000000000003e-04,2.750000000000000166e-04,3.579999999999999741e-04,4.749999999999999990e-04,6.620000000000000450e-04
6.100000000000000042e-06,9.138491000000000142e+00,4.000000000000000000e+00,5.570000000000000034e-06,1.139999999999999927e-05,1.760000000000000090e-05,2.449999999999999921e-05,3.259999999999999958e-05,4.229999999999999819e-05,5.459999999999999901e-05,7.090000000000000219e-05,9.459999999999999551e-05,1.310000000000000129e-04
9.700000000000000302e-06,1.041297999999999924e+01,4.000000000000000000e+00,1.009999999999999986e-05,2.059999999999999928e-05,3.199999999999999855e-05,4.459999999999999989e-05,5.860000000000000137e-05,7.629999999999999792e-05,9.849999999999999544e-05,1.289999999999999914e-04,1.710000000000000094e-04,2.380000000000000117e-04
8.150000000000000235e-05,9.978519000000000361e+00,4.000000000000000000e+00,8.129999999999999749e-05,1.669999999999999935e-04,2.579999999999999828e-04,3.589999999999999984e-04,4.789999999999999879e-04,6.250000000000000130e-04,8.120000000000000048e-04,1.069999999999999988e-03,1.420000000000000038e-03,1.990000000000000015e-03
5.049999999999999930e-06,1.042772000000000077e+01,4.000000000000000000e+00,5.259999999999999614e-06,1.069999999999999920e-05,1.660000000000000031e-05,2.320000000000000149e-05,3.089999999999999892e-05,4.020000000000000136e-05,5.199999999999999680e-05,6.779999999999999460e-05,9.079999999999999801e-05,1.289999999999999914e-04
1.049999999999999942e-05,1.402955000000000041e+01,4.000000000000000000e+00,1.480000000000000060e-05,3.019999999999999885e-05,4.699999999999999724e-05,6.559999999999999534e-05,8.760000000000000154e-05,1.150000000000000035e-04,1.499999999999999869e-04,1.979999999999999881e-04,2.719999999999999979e-04,4.040000000000000080e-04
1.469999999999999986e-05,9.078963999999999146e+00,4.000000000000000000e+00,1.340000000000000045e-05,2.720000000000000046e-05,4.220000000000000254e-05,5.890000000000000189e-05,7.810000000000000102e-05,1.010000000000000020e-04,1.310000000000000129e-04,1.689999999999999879e-04,2.259999999999999910e-04,3.170000000000000075e-04
3.070000000000000083e-05,8.477645000000000763e+00,4.000000000000000000e+00,2.610000000000000083e-05,5.250000000000000218e-05,8.229999999999999469e-05,1.150000000000000035e-04,1.520000000000000084e-04,1.969999999999999909e-04,2.550000000000000183e-04,3.310000000000000225e-04,4.429999999999999802e-04,6.229999999999999644e-04
1.299999999999999920e-05,1.033098000000000027e+01,4.000000000000000000e+00,1.340000000000000045e-05,2.739999999999999855e-05,4.250000000000000305e-05,5.929999999999999806e-05,7.889999999999999336e-05,1.029999999999999964e-04,1.330000000000000073e-04,1.740000000000000010e-04,2.349999999999999930e-04,3.370000000000000057e-04
8.049999999999999159e-06,1.429505999999999943e+01,4.000000000000000000e+00,1.150000000000000001e-05,2.349999999999999862e-05,3.649999999999999951e-05,5.110000000000000203e-05,6.760000000000000329e-05,8.919999999999999978e-05,1.160000000000000007e-04,1.540000000000000028e-04,2.120000000000000031e-04,3.130000000000000187e-04
9.379999999999999978e-06,1.088992000000000004e+01,4.000000000000000000e+00,1.020000000000000060e-05,2.089999999999999980e-05,3.240000000000000150e-05,4.530000000000000335e-05,5.959999999999999857e-05,7.779999999999999373e-05,1.010000000000000020e-04,1.330000000000000073e-04,1.779999999999999898e-04,2.519999999999999996e-04
6.160000000000000653e-05,1.033768000000000065e+01,4.000000000000000000e+00,6.370000000000000336e-05,1.299999999999999886e-04,2.000000000000000096e-04,2.790000000000000054e-04,3.710000000000000190e-04,4.840000000000000010e-04,6.290000000000000018e-04,8.220000000000000310e-04,1.110000000000000092e-03,1.539999999999999919e-03
8.909999999999999396e-06,1.150859999999999950e+01,4.000000000000000000e+00,1.029999999999999964e-05,2.089999999999999980e-05,3.249999999999999715e-05,4.539999999999999900e-05,5.979999999999999666e-05,7.799999999999999859e-05,1.010000000000000020e-04,1.340000000000000045e-04,1.810000000000000085e-04,2.590000000000000071e-04
2.059999999999999928e-05,1.399503999999999948e+01,4.000000000000000000e+00,2.879999999999999870e-05,5.869999999999999703e-05,9.090000000000000044e-05,1.259999999999999998e-04,1.679999999999999907e-04,2.210000000000000050e-04,2.869999999999999830e-04,3.780000000000000265e-04,5.159999999999999656e-04,7.560000000000000530e-04
2.300000000000000002e-05,1.472583000000000020e+01,4.000000000000000000e+00,3.389999999999999730e-05,6.940000000000000639e-05,1.069999999999999988e-04,1.499999999999999869e-04,2.010000000000000068e-04,2.629999999999999959e-04,3.440000000000000132e-04,4.560000000000000251e-04,6.300000000000000261e-04,9.380000000000000317e-04
4.719999999999999702e-06,9.091324999999999434e+00,4.000000000000000000e+00,4.289999999999999584e-06,8.640000000000000287e-06,1.360000000000000023e-05,1.900000000000000105e-05,2.529999999999999833e-05,3.290000000000000010e-05,4.259999999999999871e-05,5.560000000000000299e-05,7.430000000000000352e-05,1.050000000000000044e-04
5.500000000000000196e-05,1.179981000000000080e+01,4.000000000000000000e+00,6.490000000000000543e-05,1.330000000000000073e-04,2.049999999999999956e-04,2.869999999999999830e-04,3.840000000000000097e-04,5.050000000000000235e-04,6.610000000000000207e-04,8.790000000000000070e-04,1.190000000000000085e-03,1.709999999999999932e-03
1.620000000000000075e-05,1.360853999999999964e+01,4.000000000000000000e+00,2.199999999999999943e-05,4.569999999999999952e-05,7.069999999999999733e-05,9.789999999999999441e-05,1.310000000000000129e-04,1.710000000000000094e-04,2.220000000000000022e-04,2.910000000000000260e-04,3.950000000000000061e-04,5.720000000000000258e-04
1.049999999999999942e-05,9.297738999999999976e+00,4.000000000000000000e+00,9.779999999999999536e-06,2.000000000000000164e-05,3.100000000000000135e-05,4.330000000000000217e-05,5.700000000000000314e-05,7.430000000000000352e-05,9.629999999999999617e-05,1.259999999999999998e-04,1.689999999999999879e-04,2.410000000000000033e-04
7.109999999999999689e-06,1.044778999999999947e+01,4.000000000000000000e+00,7.430000000000000013e-06,1.509999999999999942e-05,2.339999999999999958e-05,3.270000000000000201e-05,4.339999999999999782e-05,5.629999999999999968e-05,7.270000000000000529e-05,9.450000000000000663e-05,1.259999999999999998e-04,1.749999999999999982e-04
5.629999999999999968e-05,1.204744999999999955e+01,4.000000000000000000e+00,6.779999999999999460e-05,1.389999999999999905e-04,2.139999999999999975e-04,2.999999999999999737e-04,3.989999999999999949e-04,5.230000000000000274e-04,6.830000000000000134e-04,9.039999999999999642e-04,1.219999999999999947e-03,1.740000000000000010e-03
2.120000000000000031e-05,8.686256999999999451e+00,4.000000000000000000e+00,1.840000000000000001e-05,3.690000000000000246e-05,5.800000000000000034e-05,8.069999999999999645e-05,1.069999999999999988e-04,1.369999999999999961e-04,1.779999999999999898e-04,2.300000000000000070e-04,3.049999999999999868e-04,4.209999999999999875e-04
4.229999999999999819e-05,9.766583999999999932e+00,4.000000000000000000e+00,4.139999999999999664e-05,8.449999999999999395e-05,1.310000000000000129e-04,1.820000000000000057e-04,2.429999999999999977e-04,3.159999999999999832e-04,4.099999999999999912e-04,5.389999999999999826e-04,7.269999999999999987e-04,1.049999999999999935e-03
7.229999999999999556e-05,1.102696000000000076e+01,4.000000000000000000e+00,7.969999999999999925e-05,1.630000000000000047e-04,2.519999999999999996e-04,3.519999999999999908e-04,4.699999999999999859e-04,6.170000000000000354e-04,8.050000000000000515e-04,1.059999999999999961e-03,1.420000000000000038e-03,1.990000000000000015e-03
5.489999999999999953e-06,1.299224000000000068e+01,4.000000000000000000e+00,7.140000000000000249e-06,1.450000000000000009e-05,2.250000000000000142e-05,3.149999999999999995e-05,4.199999999999999768e-05,5.479999999999999710e-05,7.119999999999999593e-05,9.359999999999999831e-05,1.269999999999999970e-04,1.840000000000000001e-04
1.450000000000000009e-05,1.125367999999999924e+01,4.000000000000000000e+00,1.629999999999999979e-05,3.339999999999999870e-05,5.190000000000000115e-05,7.260000000000000286e-05,9.699999999999999963e-05,1.269999999999999970e-04,1.659999999999999963e-04,2.180000000000000134e-04,2.959999999999999849e-04,4.310000000000000137e-04
1.679999999999999839e-05,9.736416999999999433e+00,4.000000000000000000e+00,1.639999999999999883e-05,3.339999999999999870e-05,5.179999999999999871e-05,7.220000000000000669e-05,9.579999999999999757e-05,1.240000000000000054e-04,1.610000000000000103e-04,2.079999999999999872e-04,2.790000000000000054e-04,3.930000000000000117e-04
2.489999999999999877e-05,8.362581999999999738e+00,4.000000000000000000e+00,2.080000000000000075e-05,4.240000000000000062e-05,6.580000000000000020e-05,9.160000000000000390e-05,1.210000000000000002e-04,1.569999999999999944e-04,2.039999999999999984e-04,2.660000000000000146e-04,3.539999999999999853e-04,4.989999999999999861e-04
9.330000000000000457e-06,1.327773999999999965e+01,4.000000000000000000e+00,1.239999999999999986e-05,2.529999999999999833e-05,3.929999999999999981e-05,5.479999999999999710e-05,7.299999999999999903e-05,9.529999999999999897e-05,1.240000000000000054e-04,1.630000000000000047e-04,2.229999999999999994e-04,3.240000000000000150e-04
9.540000000000000140e-05,8.904311999999999117e+00,4.000000000000000000e+00,8.500000000000000611e-05,1.740000000000000010e-04,2.680000000000000090e-04,3.730000000000000134e-04,4.949999999999999973e-04,6.440000000000000412e-04,8.319999999999999488e-04,1.080000000000000014e-03,1.430000000000000064e-03,1.949999999999999910e-03
5.670000000000000262e-05,8.746411999999999409e+00,4.000000000000000000e+00,4.959999999999999945e-05,1.019999999999999992e-04,1.569999999999999944e-04,2.180000000000000134e-04,2.889999999999999774e-04,3.759999999999999779e-04,4.850000000000000253e-04,6.310000000000000504e-04,8.400000000000000348e-04,1.180000000000000059e-03
2.860000000000000061e-05,9.227845000000000297e+00,4.000000000000000000e+00,2.640000000000000135e-05,5.379999999999999989e-05,8.349999999999999675e-05,1.160000000000000007e-04,1.550000000000000000e-04,2.010000000000000068e-04,2.610000000000000015e-04,3.429999999999999889e-04,4.580000000000000195e-04,6.539999999999999590e-04
4.690000000000000158e-05,1.074487000000000059e+01,4.000000000000000000e+00,5.030000000000000291e-05,1.029999999999999964e-04,1.589999999999999888e-04,2.220000000000000022e-04,2.959999999999999849e-04,3.860000000000000041e-04,5.029999999999999749e-04,6.629999999999999609e-04,9.030000000000000483e-04,1.299999999999999940e-03
3.040000000000000032e-05,8.703549000000000646e+00,4.000000000000000000e+00,2.650000000000000039e-05,5.399999999999999798e-05,8.359999999999999918e-05,1.160000000000000007e-04,1.540000000000000028e-04,2.000000000000000096e-04,2.579999999999999828e-04,3.339999999999999870e-04,4.470000000000000232e-04,6.260000000000000373e-04
7.890000000000000691e-06,1.252415000000000056e+01,4.000000000000000000e+00,9.880000000000000273e-06,2.019999999999999972e-05,3.130000000000000187e-05,4.380000000000000077e-05,5.769999999999999982e-05,7.550000000000000558e-05,9.820000000000000170e-05,1.299999999999999886e-04,1.769999999999999926e-04,2.559999999999999884e-04
1.349999999999999949e-05,9.764077999999999591e+00,4.000000000000000000e+00,1.320000000000000067e-05,2.689999999999999995e-05,4.169999999999999716e-05,5.830000000000000086e-05,7.749999999999999999e-05,1.010000000000000020e-04,1.310000000000000129e-04,1.710000000000000094e-04,2.300000000000000070e-04,3.299999999999999982e-04
9.449999999999999308e-06,8.273405000000000342e+00,4.000000000000000000e+00,7.819999999999999667e-06,1.590000000000000023e-05,2.470000000000000068e-05,3.449999999999999833e-05,4.589999999999999761e-05,5.959999999999999857e-05,7.700000000000000139e-05,1.000000000000000048e-04,1.330000000000000073e-04,1.879999999999999890e-04
6.899999999999999667e-05,9.304586999999999719e+00,4.000000000000000000e+00,6.420000000000000197e-05,1.320000000000000101e-04,2.020000000000000040e-04,2.809999999999999998e-04,3.730000000000000134e-04,4.829999999999999767e-04,6.220000000000000485e-04,8.050000000000000515e-04,1.069999999999999988e-03,1.449999999999999900e-03
2.069999999999999832e-05,1.344008000000000003e+01,4.000000000000000000e+00,2.790000000000000054e-05,5.679999999999999828e-05,8.789999999999999528e-05,1.219999999999999974e-04,1.620000000000000075e-04,2.120000000000000031e-04,2.759999999999999867e-04,3.609999999999999928e-04,4.889999999999999599e-04,7.079999999999999705e-04
4.119999999999999856e-05,1.236326999999999998e+01,4.000000000000000000e+00,5.089999999999999717e-05,1.039999999999999936e-04,1.600000000000000131e-04,2.239999999999999966e-04,2.979999999999999793e-04,3.890000000000000228e-04,5.060000000000000478e-04,6.660000000000000338e-04,9.039999999999999642e-04,1.289999999999999914e-03
4.770000000000000070e-05,1.195321000000000033e+01,4.000000000000000000e+00,5.700000000000000314e-05,1.160000000000000007e-04,1.800000000000000113e-04,2.509999999999999753e-04,3.339999999999999870e-04,4.360000000000000269e-04,5.680000000000000370e-04,7.479999999999999670e-04,1.020000000000000073e-03,1.440000000000000091e-03
1.540000000000000163e-05,9.573835000000000761e+00,4.000000000000000000e+00,1.469999999999999986e-05,2.989999999999999833e-05,4.630000000000000055e-05,6.449999999999999570e-05,8.540000000000000228e-05,1.110000000000000011e-04,1.420000000000000092e-04,1.830000000000000029e-04,2.429999999999999977e-04,3.350000000000000113e-04
2.380000000000000083e-06,1.382717000000000063e+01,4.000000000000000000e+00,3.289999999999999841e-06,6.690000000000000322e-06,1.040000000000000038e-05,1.460000000000000082e-05,1.940000000000000060e-05,2.540000000000000076e-05,3.300000000000000253e-05,4.330000000000000217e-05,5.869999999999999703e-05,8.529999999999999985e-05
2.040000000000000119e-05,1.273532999999999937e+01,4.000000000000000000e+00,2.599999999999999840e-05,5.310000000000000321e-05,8.229999999999999469e-05,1.140000000000000063e-04,1.520000000000000084e-04,2.000000000000000096e-04,2.610000000000000015e-04,3.440000000000000132e-04,4.710000000000000102e-04,6.949999999999999798e-04
5.069999999999999908e-05,1.095551000000000030e+01,4.000000000000000000e+00,5.560000000000000299e-05,1.129999999999999955e-04,1.749999999999999982e-04,2.439999999999999949e-04,3.249999999999999851e-04,4.240000000000000062e-04,5.519999999999999733e-04,7.240000000000000342e-04,9.829999999999999329e-04,1.389999999999999960e-03
1.309999999999999994e-05,8.790478000000000236e+00,4.000000000000000000e+00,1.160000000000000075e-05,2.360000000000000105e-05,3.660000000000000194e-05,5.119999999999999768e-05,6.799999999999999946e-05,8.720000000000000537e-05,1.129999999999999955e-04,1.489999999999999897e-04,2.000000000000000096e-04,2.829999999999999942e-04
2.269999999999999950e-05,9.637487000000000137e+00,4.000000000000000000e+00,2.190000000000000039e-05,4.410000000000000129e-05,6.920000000000000153e-05,9.639999999999999860e-05,1.279999999999999942e-04,1.659999999999999963e-04,2.149999999999999947e-04,2.829999999999999942e-04,3.759999999999999779e-04,5.339999999999999695e-04
9.699999999999999963e-05,9.048631000000000313e+00,4.000000000000000000e+00,8.780000000000000640e-05,1.800000000000000113e-04,2.770000000000000110e-04,3.849999999999999798e-04,5.119999999999999768e-04,6.650000000000000095e-04,8.610000000000000032e-04,1.119999999999999902e-03,1.479999999999999979e-03,2.010000000000000068e-03
1.480000000000000060e-05,8.679318000000000310e+00,4.000000000000000000e+00,1.290000000000000016e-05,2.629999999999999892e-05,4.080000000000000239e-05,5.700000000000000314e-05,7.569999999999999689e-05,9.849999999999999544e-05,1.269999999999999970e-04,1.659999999999999963e-04,2.220000000000000022e-04,3.170000000000000075e-04
3.319999999999999977e-06,1.293923000000000023e+01,4.000000000000000000e+00,4.289999999999999584e-06,8.760000000000000832e-06,1.360000000000000023e-05,1.910000000000000009e-05,2.549999999999999980e-05,3.320000000000000062e-05,4.330000000000000217e-05,5.709999999999999879e-05,7.749999999999999999e-05,1.129999999999999955e-04
2.680000000000000090e-05,8.301040999999999670e+00,4.000000000000000000e+00,2.220000000000000090e-05,4.539999999999999900e-05,7.030000000000000116e-05,9.789999999999999441e-05,1.289999999999999914e-04,1.679999999999999907e-04,2.180000000000000134e-04,2.829999999999999942e-04,3.789999999999999966e-04,5.330000000000000536e-04
1.279999999999999942e-05,8.960181999999999647e+00,4.000000000000000000e+00,1.150000000000000001e-05,2.339999999999999958e-05,3.619999999999999900e-05,5.050000000000000100e-05,6.679999999999999740e-05,8.650000000000000191e-05,1.110000000000000011e-04,1.430000000000000064e-04,1.900000000000000105e-04,2.610000000000000015e-04
5.709999999999999879e-05,1.206926999999999950e+01,4.000000000000000000e+00,6.889999999999999424e-05,1.410000000000000120e-04,2.169999999999999891e-04,3.029999999999999924e-04,4.040000000000000080e-04,5.289999999999999564e-04,6.909999999999999910e-04,9.129999999999999661e-04,1.229999999999999974e-03,1.740000000000000010e-03
4.770000000000000070e-05,1.057441999999999993e+01,4.000000000000000000e+00,5.039999999999999857e-05,1.029999999999999964e-04,1.589999999999999888e-04,2.220000000000000022e-04,2.950000000000000148e-04,3.840000000000000097e-04,4.989999999999999861e-04,6.539999999999999590e-04,8.850000000000000444e-04,1.260000000000000052e-03
4.529999999999999827e-06,1.289523999999999937e+01,4.000000000000000000e+00,5.839999999999999990e-06,1.200000000000000030e-05,1.860000000000000149e-05,2.599999999999999840e-05,3.460000000000000076e-05,4.500000000000000283e-05,5.819999999999999843e-05,7.619999999999999549e-05,1.019999999999999992e-04,1.459999999999999981e-04
3.359999999999999679e-05,1.047512000000000043e+01,4.000000000000000000e+00,3.520000000000000180e-05,7.200000000000000182e-05,1.110000000000000011e-04,1.550000000000000000e-04,2.069999999999999900e-04,2.689999999999999791e-04,3.499999999999999964e-04,4.580000000000000195e-04,6.199999999999999999e-04,8.949999999999999623e-04
4.089999999999999804e-05,8.959084999999999965e+00,4.000000000000000000e+00,3.669999999999999760e-05,7.530000000000000072e-05,1.169999999999999979e-04,1.630000000000000047e-04,2.159999999999999919e-04,2.809999999999999998e-04,3.649999999999999816e-04,4.780000000000000178e-04,6.440000000000000412e-04,9.250000000000000409e-04
6.960000000000000278e-06,8.179861999999999966e+00,4.000000000000000000e+00,5.689999999999999732e-06,1.160000000000000075e-05,1.790000000000000141e-05,2.489999999999999877e-05,3.309999999999999818e-05,4.279999999999999679e-05,5.500000000000000196e-05,7.090000000000000219e-05,9.239999999999999624e-05,1.269999999999999970e-04
9.979999999999999315e-06,1.325289000000000073e+01,4.000000000000000000e+00,1.320000000000000067e-05,2.699999999999999899e-05,4.199999999999999768e-05,5.860000000000000137e-05,7.810000000000000102e-05,1.019999999999999992e-04,1.330000000000000073e-04,1.749999999999999982e-04,2.390000000000000089e-04,3.510000000000000208e-04
1.079999999999999993e-05,1.323284999999999911e+01,4.000000000000000000e+00,1.419999999999999957e-05,2.900000000000000017e-05,4.509999999999999849e-05,6.289999999999999747e-05,8.370000000000000161e-05,1.090000000000000067e-04,1.420000000000000092e-04,1.859999999999999945e-04,2.530000000000000239e-04,3.669999999999999760e-04
1.079999999999999993e-05,7.744448000000000221e+00,4.000000000000000000e+00,8.379999999999999388e-06,1.709999999999999891e-05,2.629999999999999892e-05,3.660000000000000194e-05,4.839999999999999739e-05,6.190000000000000027e-05,7.949999999999999439e-05,1.019999999999999992e-04,1.340000000000000045e-04,1.800000000000000113e-04
3.109999999999999700e-05,9.828277999999999182e+00,4.000000000000000000e+00,3.049999999999999936e-05,6.229999999999999644e-05,9.639999999999999860e-05,1.340000000000000045e-04,1.779999999999999898e-04,2.320000000000000014e-04,2.999999999999999737e-04,3.919999999999999873e-04,5.270000000000000162e-04,7.510000000000000399e-04
6.270000000000000108e-06,9.830674999999999386e+00,4.000000000000000000e+00,6.160000000000000314e-06,1.250000000000000060e-05,1.940000000000000060e-05,2.710000000000000142e-05,3.600000000000000091e-05,4.619999999999999812e-05,6.050000000000000012e-05,7.880000000000000448e-05,1.050000000000000044e-04,1.479999999999999925e-04
7.749999999999999999e-05,8.369830000000000325e+00,4.000000000000000000e+00,6.480000000000000300e-05,1.330000000000000073e-04,2.059999999999999928e-04,2.860000000000000129e-04,3.809999999999999910e-04,4.970000000000000459e-04,6.449999999999999570e-04,8.469999999999999881e-04,1.139999999999999954e-03,1.610000000000000103e-03
1.290000000000000016e-05,1.432704000000000022e+01,4.000000000000000000e+00,1.849999999999999906e-05,3.779999999999999723e-05,5.869999999999999703e-05,8.129999999999999749e-05,1.090000000000000067e-04,1.430000000000000064e-04,1.869999999999999917e-04,2.469999999999999865e-04,3.400000000000000244e-04,5.050000000000000235e-04
2.619999999999999987e-05,1.316540999999999961e+01,4.000000000000000000e+00,3.449999999999999833e-05,7.040000000000000359e-05,1.090000000000000067e-04,1.520000000000000084e-04,2.030000000000000012e-04,2.640000000000000202e-04,3.449999999999999833e-04,4.550000000000000008e-04,6.220000000000000485e-04,9.129999999999999661e-04
2.739999999999999855e-05,9.041214999999999336e+00,4.000000000000000000e+00,2.479999999999999972e-05,4.989999999999999997e-05,7.830000000000000588e-05,1.090000000000000067e-04,1.450000000000000009e-04,1.879999999999999890e-04,2.429999999999999977e-04,3.170000000000000075e-04,4.229999999999999819e-04,5.990000000000000316e-04
2.780000000000000149e-05,1.227440999999999960e+01,4.000000000000000000e+00,3.410000000000000216e-05,6.959999999999999770e-05,1.079999999999999960e-04,1.499999999999999869e-04,2.000000000000000096e-04,2.610000000000000015e-04,3.400000000000000244e-04,4.479999999999999933e-04,6.099999999999999737e-04,8.930000000000000221e-04
5.780000000000000225e-05,1.192218000000000089e+01,4.000000000000000000e+00,6.899999999999999667e-05,1.410000000000000120e-04,2.169999999999999891e-04,3.029999999999999924e-04,4.029999999999999837e-04,5.259999999999999919e-04,6.849999999999999535e-04,9.020000000000000240e-04,1.209999999999999921e-03,1.699999999999999905e-03
5.069999999999999908e-05,1.022048000000000023e+01,4.000000000000000000e+00,5.179999999999999871e-05,1.060000000000000016e-04,1.640000000000000019e-04,2.280000000000000126e-04,3.020000000000000223e-04,3.919999999999999873e-04,5.069999999999999637e-04,6.589999999999999721e-04,8.800000000000000313e-04,1.229999999999999974e-03
3.180000000000000047e-06,1.352654000000000067e+01,4.000000000000000000e+00,4.310000000000000239e-06,8.820000000000000257e-06,1.369999999999999927e-05,1.910000000000000009e-05,2.559999999999999884e-05,3.339999999999999870e-05,4.350000000000000026e-05,5.750000000000000174e-05,7.810000000000000102e-05,1.140000000000000063e-04
8.820000000000000257e-06,9.143164999999999765e+00,4.000000000000000000e+00,8.060000000000000758e-06,1.639999999999999883e-05,2.549999999999999980e-05,3.570000000000000040e-05,4.740000000000000018e-05,6.160000000000000653e-05,7.969999999999999925e-05,1.039999999999999936e-04,1.379999999999999933e-04,1.959999999999999937e-04
2.900000000000000017e-05,1.210139000000000031e+01,4.000000000000000000e+00,3.509999999999999936e-05,7.160000000000000565e-05,1.110000000000000011e-04,1.530000000000000056e-04,2.039999999999999984e-04,2.669999999999999847e-04,3.469999999999999777e-04,4.539999999999999765e-04,6.130000000000000466e-04,8.800000000000000313e-04
1.879999999999999957e-05,9.864478000000000080e+00,4.000000000000000000e+00,1.860000000000000149e-05,3.779999999999999723e-05,5.860000000000000137e-05,8.090000000000000132e-05,1.069999999999999988e-04,1.389999999999999905e-04,1.789999999999999870e-04,2.339999999999999958e-04,3.110000000000000243e-04,4.330000000000000081e-04
5.969999999999999592e-06,1.168496000000000024e+01,4.000000000000000000e+00,6.980000000000000086e-06,1.430000000000000031e-05,2.220000000000000090e-05,3.109999999999999700e-05,4.139999999999999664e-05,5.399999999999999798e-05,7.019999999999999873e-05,9.210000000000000250e-05,1.250000000000000026e-04,1.810000000000000085e-04
7.279999999999999755e-06,9.467926000000000286e+00,4.000000000000000000e+00,6.900000000000000005e-06,1.410000000000000053e-05,2.180000000000000134e-05,3.049999999999999936e-05,4.059999999999999753e-05,5.280000000000000269e-05,6.839999999999999563e-05,8.949999999999999351e-05,1.190000000000000058e-04,1.710000000000000094e-04
5.259999999999999614e-06,9.948702000000000822e+00,4.000000000000000000e+00,5.229999999999999901e-06,1.069999999999999920e-05,1.650000000000000127e-05,2.309999999999999906e-05,3.070000000000000083e-05,3.990000000000000084e-05,5.160000000000000063e-05,6.700000000000000226e-05,8.980000000000000081e-05,1.269999999999999970e-04
5.580000000000000107e-05,9.122828999999999411e+00,4.000000000000000000e+00,5.089999999999999717e-05,1.039999999999999936e-04,1.610000000000000103e-04,2.239999999999999966e-04,2.979999999999999793e-04,3.860000000000000041e-04,4.989999999999999861e-04,6.499999999999999702e-04,8.679999999999999565e-04,1.219999999999999947e-03
9.880000000000000273e-06,1.275465999999999944e+01,4.000000000000000000e+00,1.259999999999999964e-05,2.570000000000000127e-05,3.990000000000000084e-05,5.560000000000000299e-05,7.389999999999999380e-05,9.619999999999999374e-05,1.250000000000000026e-04,1.620000000000000075e-04,2.200000000000000078e-04,3.130000000000000187e-04
6.789999999999999703e-05,9.468052999999999386e+00,4.000000000000000000e+00,6.430000000000000440e-05,1.320000000000000101e-04,2.039999999999999984e-04,2.840000000000000185e-04,3.780000000000000265e-04,4.920000000000000328e-04,6.390000000000000280e-04,8.350000000000000217e-04,1.129999999999999928e-03,1.569999999999999998e-03
1.299999999999999920e-05,1.479426999999999914e+01,4.000000000000000000e+00,1.919999999999999913e-05,3.929999999999999981e-05,6.090000000000000307e-05,8.449999999999999395e-05,1.129999999999999955e-04,1.489999999999999897e-04,1.939999999999999993e-04,2.570000000000000127e-04,3.539999999999999853e-04,5.280000000000000405e-04
3.009999999999999980e-05,1.027182999999999957e+01,4.000000000000000000e+00,3.089999999999999892e-05,6.299999999999999990e-05,9.749999999999999823e-05,1.350000000000000017e-04,1.789999999999999870e-04,2.339999999999999958e-04,3.029999999999999924e-04,3.950000000000000061e-04,5.299999999999999807e-04,7.510000000000000399e-04
1.279999999999999942e-05,1.251004000000000005e+01,4.000000000000000000e+00,1.609999999999999832e-05,3.270000000000000201e-05,5.080000000000000151e-05,7.079999999999999976e-05,9.409999999999999691e-05,1.230000000000000082e-04,1.579999999999999916e-04,2.090000000000000115e-04,2.829999999999999942e-04,4.070000000000000267e-04
2.110000000000000127e-05,1.167956000000000039e+01,4.000000000000000000e+00,2.460000000000000164e-05,5.009999999999999805e-05,7.760000000000000242e-05,1.069999999999999988e-04,1.440000000000000036e-04,1.869999999999999917e-04,2.420000000000000005e-04,3.159999999999999832e-04,4.260000000000000006e-04,6.059999999999999849e-04
6.009999999999999717e-05,9.718120000000000758e+00,4.000000000000000000e+00,5.840000000000000329e-05,1.200000000000000030e-04,1.840000000000000001e-04,2.570000000000000127e-04,3.400000000000000244e-04,4.420000000000000101e-04,5.710000000000000015e-04,7.439999999999999782e-04,9.929999999999999591e-04,1.379999999999999933e-03
1.430000000000000031e-05,1.198629000000000033e+01,4.000000000000000000e+00,1.720000000000000134e-05,3.509999999999999936e-05,5.450000000000000336e-05,7.610000000000000661e-05,1.019999999999999992e-04,1.330000000000000073e-04,1.730000000000000038e-04,2.280000000000000126e-04,3.110000000000000243e-04,4.539999999999999765e-04
5.049999999999999930e-06,1.407707000000000086e+01,4.000000000000000000e+00,7.109999999999999689e-06,1.450000000000000009e-05,2.260000000000000046e-05,3.160000000000000238e-05,4.210000000000000011e-05,5.509999999999999761e-05,7.189999999999999939e-05,9.500000000000000523e-05,1.299999999999999886e-04,1.920000000000000049e-04
3.689999999999999822e-06,1.018257999999999974e+01,4.000000000000000000e+00,3.750000000000000095e-06,7.649999999999999601e-06,1.180000000000000052e-05,1.650000000000000127e-05,2.199999999999999943e-05,2.860000000000000061e-05,3.699999999999999811e-05,4.809999999999999687e-05,6.409999999999999953e-05,8.990000000000000324e-05
2.900000000000000017e-05,1.206569000000000003e+01,4.000000000000000000e+00,3.499999999999999693e-05,7.150000000000000322e-05,1.110000000000000011e-04,1.540000000000000028e-04,2.049999999999999956e-04,2.680000000000000090e-04,3.490000000000000263e-04,4.589999999999999896e-04,6.239999999999999887e-04,9.100000000000000016e-04
6.310000000000000233e-05,1.002389999999999937e+01,4.000000000000000000e+00,6.329999999999999364e-05,1.289999999999999914e-04,2.000000000000000096e-04,2.790000000000000054e-04,3.699999999999999947e-04,4.829999999999999767e-04,6.279999999999999775e-04,8.249999999999999955e-04,1.119999999999999902e-03,1.569999999999999998e-03
5.369999999999999746e-05,8.253667999999999338e+00,4.000000000000000000e+00,4.429999999999999937e-05,9.100000000000000287e-05,1.399999999999999877e-04,1.949999999999999965e-04,2.579999999999999828e-04,3.339999999999999870e-04,4.299999999999999894e-04,5.550000000000000462e-04,7.349999999999999763e-04,1.010000000000000047e-03
4.240000000000000062e-05,1.175811000000000028e+01,4.000000000000000000e+00,4.979999999999999753e-05,1.019999999999999992e-04,1.569999999999999944e-04,2.190000000000000106e-04,2.919999999999999961e-04,3.820000000000000153e-04,4.970000000000000459e-04,6.560000000000000076e-04,8.940000000000000464e-04,1.280000000000000105e-03
1.690000000000000082e-05,9.914837999999999596e+00,4.000000000000000000e+00,1.679999999999999839e-05,3.410000000000000216e-05,5.280000000000000269e-05,7.360000000000000006e-05,9.760000000000000067e-05,1.269999999999999970e-04,1.630000000000000047e-04,2.110000000000000059e-04,2.829999999999999942e-04,3.959999999999999762e-04
4.380000000000000416e-06,1.040151000000000003e+01,4.000000000000000000e+00,4.560000000000000387e-06,8.960000000000000611e-06,1.390000000000000075e-05,1.940000000000000060e-05,2.580000000000000031e-05,3.339999999999999870e-05,4.319999999999999974e-05,5.610000000000000159e-05,7.459999999999999726e-05,1.050000000000000044e-04
5.679999999999999828e-05,9.160963000000000633e+00,4.000000000000000000e+00,5.199999999999999680e-05,1.069999999999999988e-04,1.649999999999999991e-04,2.310000000000000042e-04,3.069999999999999812e-04,4.000000000000000192e-04,5.190000000000000386e-04,6.800000000000000488e-04,9.200000000000000278e-04,1.309999999999999967e-03
8.710000000000000294e-05,9.802566999999999808e+00,4.000000000000000000e+00,8.540000000000000228e-05,1.740000000000000010e-04,2.680000000000000090e-04,3.739999999999999835e-04,4.970000000000000459e-04,6.459999999999999814e-04,8.360000000000000460e-04,1.090000000000000040e-03,1.440000000000000091e-03,1.969999999999999963e-03
9.780000000000000553e-05,9.209540999999999755e+00,4.000000000000000000e+00,9.009999999999999455e-05,1.830000000000000029e-04,2.820000000000000241e-04,3.930000000000000117e-04,5.209999999999999788e-04,6.759999999999999516e-04,8.720000000000000537e-04,1.129999999999999928e-03,1.479999999999999979e-03,2.000000000000000042e-03
5.319999999999999886e-05,1.195146000000000086e+01,4.000000000000000000e+00,6.360000000000000093e-05,1.299999999999999886e-04,2.010000000000000068e-04,2.799999999999999755e-04,3.730000000000000134e-04,4.870000000000000197e-04,6.369999999999999794e-04,8.369999999999999619e-04,1.129999999999999928e-03,1.600000000000000077e-03
8.559999999999999359e-06,1.044505999999999979e+01,4.000000000000000000e+00,8.940000000000000802e-06,1.819999999999999854e-05,2.830000000000000010e-05,3.960000000000000033e-05,5.199999999999999680e-05,6.789999999999999703e-05,8.810000000000000014e-05,1.160000000000000007e-04,1.559999999999999972e-04,2.220000000000000022e-04
3.729999999999999863e-05,1.408145000000000024e+01,4.000000000000000000e+00,5.250000000000000218e-05,1.069999999999999988e-04,1.659999999999999963e-04,2.310000000000000042e-04,3.080000000000000055e-04,4.029999999999999837e-04,5.259999999999999919e-04,6.960000000000000041e-04,9.489999999999999738e-04,1.360000000000000098e-03
1.860000000000000149e-05,1.404404000000000075e+01,4.000000000000000000e+00,2.610000000000000083e-05,5.330000000000000129e-05,8.260000000000000198e-05,1.150000000000000035e-04,1.540000000000000028e-04,2.010000000000000068e-04,2.629999999999999959e-04,3.480000000000000020e-04,4.780000000000000178e-04,7.100000000000000191e-04
5.399999999999999798e-05,1.066921999999999926e+01,4.000000000000000000e+00,5.759999999999999739e-05,1.169999999999999979e-04,1.810000000000000085e-04,2.519999999999999996e-04,3.350000000000000113e-04,4.360000000000000269e-04,5.659999999999999884e-04,7.410000000000000137e-04,9.979999999999999722e-04,1.399999999999999986e-03
1.239999999999999986e-05,8.214646000000000114e+00,4.000000000000000000e+00,1.020000000000000060e-05,2.069999999999999832e-05,3.190000000000000290e-05,4.449999999999999746e-05,5.879999999999999946e-05,7.610000000000000661e-05,9.760000000000000067e-05,1.250000000000000026e-04,1.649999999999999991e-04,2.239999999999999966e-04
1.239999999999999986e-05,1.289738000000000007e+01,4.000000000000000000e+00,1.590000000000000023e-05,3.249999999999999715e-05,5.050000000000000100e-05,7.040000000000000359e-05,9.380000000000000317e-05,1.219999999999999974e-04,1.589999999999999888e-04,2.090000000000000115e-04,2.840000000000000185e-04,4.119999999999999856e-04
7.849999999999999719e-05,1.015232999999999919e+01,4.000000000000000000e+00,7.969999999999999925e-05,1.630000000000000047e-04,2.509999999999999753e-04,3.499999999999999964e-04,4.629999999999999784e-04,6.030000000000000204e-04,7.789999999999999616e-04,1.010000000000000047e-03,1.340000000000000045e-03,1.820000000000000003e-03
3.419999999999999866e-06,1.208076999999999934e+01,4.000000000000000000e+00,4.130000000000000268e-06,8.420000000000000699e-06,1.309999999999999994e-05,1.830000000000000097e-05,2.440000000000000017e-05,3.180000000000000047e-05,4.130000000000000099e-05,5.410000000000000041e-05,7.299999999999999903e-05,1.050000000000000044e-04
4.350000000000000026e-05,9.350372000000000128e+00,4.000000000000000000e+00,4.069999999999999996e-05,8.339999999999999432e-05,1.289999999999999914e-04,1.789999999999999870e-04,2.380000000000000117e-04,3.099999999999999999e-04,4.009999999999999893e-04,5.240000000000000517e-04,7.029999999999999574e-04,9.990000000000001049e-04
7.960000000000000021e-06,1.007344999999999935e+01,4.000000000000000000e+00,8.019999999999999446e-06,1.629999999999999979e-05,2.519999999999999928e-05,3.509999999999999936e-05,4.649999999999999864e-05,6.019999999999999961e-05,7.749999999999999999e-05,1.000000000000000048e-04,1.340000000000000045e-04,1.849999999999999973e-04
3.860000000000000312e-06,1.141895000000000060e+01,4.000000000000000000e+00,4.410000000000000129e-06,8.679999999999999904e-06,1.349999999999999949e-05,1.879999999999999957e-05,2.500000000000000120e-05,3.259999999999999958e-05,4.210000000000000011e-05,5.509999999999999761e-05,7.349999999999999763e-05,1.039999999999999936e-04
3.779999999999999723e-05,9.084652000000000172e+00,4.000000000000000000e+00,3.440000000000000268e-05,7.019999999999999873e-05,1.090000000000000067e-04,1.520000000000000084e-04,2.020000000000000040e-04,2.620000000000000258e-04,3.400000000000000244e-04,4.470000000000000232e-04,6.009999999999999717e-04,8.630000000000000518e-04
3.380000000000000165e-05,1.288673000000000002e+01,4.000000000000000000e+00,4.360000000000000269e-05,8.890000000000000604e-05,1.369999999999999961e-04,1.910000000000000077e-04,2.550000000000000183e-04,3.330000000000000169e-04,4.330000000000000081e-04,5.699999999999999772e-04,7.749999999999999728e-04,1.119999999999999902e-03
9.529999999999999897e-05,8.497044999999999959e+00,4.000000000000000000e+00,8.100000000000000375e-05,1.659999999999999963e-04,2.559999999999999884e-04,3.570000000000000040e-04,4.749999999999999990e-04,6.179999999999999513e-04,8.009999999999999542e-04,1.049999999999999935e-03,1.399999999999999986e-03,1.930000000000000075e-03
9.389999999999999882e-06,1.438227000000000011e+01,4.000000000000000000e+00,1.349999999999999949e-05,2.760000000000000002e-05,4.289999999999999922e-05,6.000000000000000152e-05,8.009999999999999542e-05,1.050000000000000044e-04,1.369999999999999961e-04,1.810000000000000085e-04,2.489999999999999809e-04,3.690000000000000246e-04
3.869999999999999878e-05,1.146061000000000085e+01,4.000000000000000000e+00,4.440000000000000180e-05,9.069999999999999558e-05,1.399999999999999877e-04,1.969999999999999909e-04,2.629999999999999959e-04,3.449999999999999833e-04,4.519999999999999821e-04,5.990000000000000316e-04,8.199999999999999824e-04,1.199999999999999895e-03
6.129999999999999924e-05,8.565272999999999470e+00,4.000000000000000000e+00,5.250000000000000218e-05,1.079999999999999960e-04,1.659999999999999963e-04,2.310000000000000042e-04,3.069999999999999812e-04,4.000000000000000192e-04,5.180000000000000143e-04,6.740000000000000114e-04,9.030000000000000483e-04,1.270000000000000078e-03
2.869999999999999965e-05,9.739717000000000624e+00,4.000000000000000000e+00,2.799999999999999958e-05,5.709999999999999879e-05,8.849999999999999631e-05,1.230000000000000082e-04,1.640000000000000019e-04,2.139999999999999975e-04,2.779999999999999811e-04,3.640000000000000115e-04,4.910000000000000085e-04,7.079999999999999705e-04
4.720000000000000210e-05,1.132201000000000057e+01,4.000000000000000000e+00,5.349999999999999938e-05,1.090000000000000067e-04,1.689999999999999879e-04,2.359999999999999902e-04,3.139999999999999888e-04,4.099999999999999912e-04,5.360000000000000181e-04,7.029999999999999574e-04,9.590000000000000000e-04,1.369999999999999907e-03
6.060000000000000255e-05,1.113870000000000005e+01,4.000000000000000000e+00,6.760000000000000329e-05,1.379999999999999933e-04,2.130000000000000003e-04,2.959999999999999849e-04,3.939999999999999817e-04,5.150000000000000498e-04,6.679999999999999740e-04,8.750000000000000182e-04,1.170000000000000033e-03,1.639999999999999965e-03
1.959999999999999869e-05,1.217933000000000021e+01,4.000000000000000000e+00,2.390000000000000157e-05,4.890000000000000276e-05,7.579999999999999932e-05,1.060000000000000016e-04,1.410000000000000120e-04,1.840000000000000001e-04,2.410000000000000033e-04,3.170000000000000075e-04,4.350000000000000026e-04,6.400000000000000524e-04
4.119999999999999856e-05,1.359694999999999965e+01,4.000000000000000000e+00,5.599999999999999916e-05,1.150000000000000035e-04,1.769999999999999926e-04,2.480000000000000108e-04,3.310000000000000225e-04,4.339999999999999782e-04,5.680000000000000370e-04,7.550000000000000287e-04,1.030000000000000100e-03,1.500000000000000031e-03
2.220000000000000090e-05,1.042984000000000044e+01,4.000000000000000000e+00,2.320000000000000149e-05,4.720000000000000210e-05,7.299999999999999903e-05,1.010000000000000020e-04,1.340000000000000045e-04,1.740000000000000010e-04,2.259999999999999910e-04,2.950000000000000148e-04,3.939999999999999817e-04,5.540000000000000219e-04
5.830000000000000086e-05,1.125568999999999953e+01,4.000000000000000000e+00,6.559999999999999534e-05,1.340000000000000045e-04,2.059999999999999928e-04,2.880000000000000073e-04,3.829999999999999854e-04,5.000000000000000104e-04,6.499999999999999702e-04,8.549999999999999658e-04,1.149999999999999981e-03,1.610000000000000103e-03
3.460000000000000076e-05,1.442071999999999932e+01,4.000000000000000000e+00,4.979999999999999753e-05,1.019999999999999992e-04,1.569999999999999944e-04,2.200000000000000078e-04,2.939999999999999905e-04,3.849999999999999798e-04,5.039999999999999992e-04,6.689999999999999983e-04,9.179999999999999792e-04,1.330000000000000019e-03
4.780000000000000313e-05,8.359991000000000838e+00,4.000000000000000000e+00,4.000000000000000327e-05,8.189999999999999852e-05,1.269999999999999970e-04,1.769999999999999926e-04,2.349999999999999930e-04,3.060000000000000111e-04,3.970000000000000005e-04,5.190000000000000386e-04,6.989999999999999686e-04,1.000000000000000021e-03
4.609999999999999908e-06,1.456259000000000015e+01,4.000000000000000000e+00,6.710000000000000130e-06,1.380000000000000001e-05,2.150000000000000083e-05,3.009999999999999980e-05,4.009999999999999893e-05,5.239999999999999975e-05,6.830000000000000676e-05,9.029999999999999941e-05,1.230000000000000082e-04,1.820000000000000057e-04
1.849999999999999906e-05,1.008015999999999934e+01,4.000000000000000000e+00,1.860000000000000149e-05,3.749999999999999671e-05,5.890000000000000189e-05,8.210000000000000338e-05,1.090000000000000067e-04,1.420000000000000092e-04,1.830000000000000029e-04,2.390000000000000089e-04,3.200000000000000262e-04,4.539999999999999765e-04
1.150000000000000001e-05,1.178598999999999997e+01,4.000000000000000000e+00,1.360000000000000023e-05,2.769999999999999906e-05,4.309999999999999731e-05,6.030000000000000204e-05,7.980000000000000168e-05,1.050000000000000044e-04,1.369999999999999961e-04,1.810000000000000085e-04,2.469999999999999865e-04,3.609999999999999928e-04
7.220000000000000330e-06,1.257391999999999932e+01,4.000000000000000000e+00,9.079999999999999462e-06,1.849999999999999906e-05,2.869999999999999965e-05,4.020000000000000136e-05,5.289999999999999835e-05,6.909999999999999910e-05,9.040000000000000184e-05,1.190000000000000058e-04,1.600000000000000131e-04,2.320000000000000014e-04
1.340000000000000045e-05,1.206446000000000041e+01,4.000000000000000000e+00,1.609999999999999832e-05,3.290000000000000010e-05,5.119999999999999768e-05,7.150000000000000322e-05,9.469999999999999794e-05,1.250000000000000026e-04,1.630000000000000047e-04,2.139999999999999975e-04,2.910000000000000260e-04,4.240000000000000062e-04
1.940000000000000060e-05,8.399677000000000504e+00,4.000000000000000000e+00,1.629999999999999979e-05,3.330000000000000305e-05,5.170000000000000306e-05,7.220000000000000669e-05,9.500000000000000523e-05,1.240000000000000054e-04,1.610000000000000103e-04,2.110000000000000059e-04,2.820000000000000241e-04,4.009999999999999893e-04
2.059999999999999928e-05,1.162480000000000047e+01,4.000000000000000000e+00,2.400000000000000061e-05,4.890000000000000276e-05,7.579999999999999932e-05,1.050000000000000044e-04,1.399999999999999877e-04,1.820000000000000057e-04,2.369999999999999874e-04,3.119999999999999944e-04,4.220000000000000118e-04,6.089999999999999494e-04
5.100000000000000299e-06,9.535501999999999256e+00,4.000000000000000000e+00,4.860000000000000055e-06,9.919999999999999890e-06,1.529999999999999920e-05,2.139999999999999840e-05,2.850000000000000157e-05,3.699999999999999811e-05,4.770000000000000070e-05,6.190000000000000027e-05,8.249999999999999955e-05,1.150000000000000035e-04
6.990000000000000499e-05,1.056006999999999962e+01,4.000000000000000000e+00,7.380000000000000492e-05,1.510000000000000112e-04,2.339999999999999958e-04,3.260000000000000094e-04,4.319999999999999838e-04,5.640000000000000482e-04,7.299999999999999632e-04,9.560000000000000355e-04,1.270000000000000078e-03,1.760000000000000063e-03
1.190000000000000058e-04,8.263431999999999888e+00,4.000000000000000000e+00,9.820000000000000170e-05,2.010000000000000068e-04,3.099999999999999999e-04,4.310000000000000137e-04,5.720000000000000258e-04,7.429999999999999539e-04,9.610000000000000486e-04,1.250000000000000026e-03,1.639999999999999965e-03,2.230000000000000211e-03
4.660000000000000276e-06,1.381748999999999938e+01,4.000000000000000000e+00,6.440000000000000174e-06,1.309999999999999994e-05,2.040000000000000119e-05,2.860000000000000061e-05,3.809999999999999775e-05,4.989999999999999997e-05,6.499999999999999431e-05,8.590000000000000088e-05,1.169999999999999979e-04,1.730000000000000038e-04
5.249999999999999709e-06,1.291862000000000066e+01,4.000000000000000000e+00,6.790000000000000212e-06,1.380000000000000001e-05,2.150000000000000083e-05,3.009999999999999980e-05,4.000000000000000327e-05,5.149999999999999820e-05,6.719999999999999357e-05,8.909999999999999734e-05,1.200000000000000030e-04,1.740000000000000010e-04
3.669999999999999760e-05,1.305235000000000056e+01,4.000000000000000000e+00,4.800000000000000122e-05,9.799999999999999684e-05,1.510000000000000112e-04,2.120000000000000031e-04,2.820000000000000241e-04,3.699999999999999947e-04,4.820000000000000066e-04,6.380000000000000037e-04,8.750000000000000182e-04,1.260000000000000052e-03
8.470000000000000220e-06,1.202767000000000053e+01,4.000000000000000000e+00,1.020000000000000060e-05,2.080000000000000075e-05,3.229999999999999907e-05,4.530000000000000335e-05,6.030000000000000204e-05,7.880000000000000448e-05,1.029999999999999964e-04,1.350000000000000017e-04,1.849999999999999973e-04,2.689999999999999791e-04
1.489999999999999964e-05,1.270565000000000033e+01,4.000000000000000000e+00,1.889999999999999862e-05,3.850000000000000069e-05,5.959999999999999857e-05,8.239999999999999712e-05,1.100000000000000039e-04,1.430000000000000064e-04,1.859999999999999945e-04,2.429999999999999977e-04,3.289999999999999739e-04,4.710000000000000102e-04
5.950000000000000292e-05,1.066653999999999947e+01,4.000000000000000000e+00,6.349999999999999850e-05,1.289999999999999914e-04,2.000000000000000096e-04,2.779999999999999811e-04,3.699999999999999947e-04,4.809999999999999823e-04,6.239999999999999887e-04,8.170000000000000179e-04,1.100000000000000066e-03,1.520000000000000084e-03
3.889999999999999686e-05,9.850450999999999624e+00,4.000000000000000000e+00,3.830000000000000261e-05,7.820000000000000345e-05,1.210000000000000002e-04,1.689999999999999879e-04,2.249999999999999938e-04,2.930000000000000204e-04,3.809999999999999910e-04,5.000000000000000104e-04,6.769999999999999759e-04,9.790000000000000525e-04
6.160000000000000653e-05,1.110468000000000011e+01,4.000000000000000000e+00,6.839999999999999563e-05,1.389999999999999905e-04,2.159999999999999919e-04,3.009999999999999980e-04,4.009999999999999893e-04,5.220000000000000031e-04,6.729999999999999871e-04,8.779999999999999827e-04,1.180000000000000059e-03,1.690000000000000096e-03
1.660000000000000031e-05,1.272699000000000069e+01,4.000000000000000000e+00,2.120000000000000031e-05,4.319999999999999974e-05,6.689999999999999983e-05,9.260000000000000110e-05,1.230000000000000082e-04,1.610000000000000103e-04,2.090000000000000115e-04,2.750000000000000166e-04,3.719999999999999891e-04,5.360000000000000181e-04
1.879999999999999957e-05,9.573814000000000490e+00,4.000000000000000000e+00,1.800000000000000046e-05,3.680000000000000003e-05,5.720000000000000122e-05,7.969999999999999925e-05,1.060000000000000016e-04,1.379999999999999933e-04,1.789999999999999870e-04,2.339999999999999958e-04,3.150000000000000131e-04,4.510000000000000120e-04
2.019999999999999972e-05,1.212490000000000023e+01,4.000000000000000000e+00,2.440000000000000017e-05,4.979999999999999753e-05,7.720000000000000625e-05,1.069999999999999988e-04,1.420000000000000092e-04,1.859999999999999945e-04,2.420000000000000005e-04,3.170000000000000075e-04,4.290000000000000193e-04,6.189999999999999756e-04
2.330000000000000053e-05,1.240202000000000027e+01,4.000000000000000000e+00,2.890000000000000113e-05,5.899999999999999754e-05,9.119999999999999418e-05,1.259999999999999998e-04,1.689999999999999879e-04,2.210000000000000050e-04,2.860000000000000129e-04,3.759999999999999779e-04,5.090000000000000123e-04,7.370000000000000249e-04
1.079999999999999993e-05,1.087349999999999994e+01,4.000000000000000000e+00,1.180000000000000052e-05,2.409999999999999965e-05,3.729999999999999863e-05,5.209999999999999923e-05,6.930000000000000396e-05,9.019999999999999698e-05,1.169999999999999979e-04,1.530000000000000056e-04,2.069999999999999900e-04,2.959999999999999849e-04
3.570000000000000040e-05,1.358300999999999981e+01,4.000000000000000000e+00,4.849999999999999982e-05,9.899999999999999404e-05,1.530000000000000056e-04,2.130000000000000003e-04,2.840000000000000185e-04,3.699999999999999947e-04,4.820000000000000066e-04,6.329999999999999906e-04,8.610000000000000032e-04,1.229999999999999974e-03
2.339999999999999958e-05,1.010534999999999961e+01,4.000000000000000000e+00,2.370000000000000009e-05,4.830000000000000173e-05,7.499999999999999343e-05,1.039999999999999936e-04,1.389999999999999905e-04,1.810000000000000085e-04,2.339999999999999958e-04,3.069999999999999812e-04,4.130000000000000099e-04,5.910000000000000539e-04
3.040000000000000117e-06,1.360106000000000037e+01,4.000000000000000000e+00,4.140000000000000173e-06,8.499999999999999933e-06,1.309999999999999994e-05,1.840000000000000001e-05,2.460000000000000164e-05,3.210000000000000098e-05,4.190000000000000202e-05,5.550000000000000056e-05,7.550000000000000558e-05,1.110000000000000011e-04
2.580000000000000031e-05,1.141337000000000046e+01,4.000000000000000000e+00,2.939999999999999973e-05,6.000000000000000152e-05,9.299999999999999727e-05,1.289999999999999914e-04,1.720000000000000066e-04,2.249999999999999938e-04,2.930000000000000204e-04,3.849999999999999798e-04,5.230000000000000274e-04,7.609999999999999577e-04
7.009999999999999630e-05,1.006968999999999959e+01,4.000000000000000000e+00,7.059999999999999490e-05,1.450000000000000009e-04,2.229999999999999994e-04,3.099999999999999999e-04,4.110000000000000155e-04,5.339999999999999695e-04,6.890000000000000508e-04,8.959999999999999866e-04,1.190000000000000085e-03,1.629999999999999939e-03
2.430000000000000112e-05,1.003688000000000002e+01,4.000000000000000000e+00,2.440000000000000017e-05,4.979999999999999753e-05,7.710000000000000382e-05,1.069999999999999988e-04,1.430000000000000064e-04,1.849999999999999973e-04,2.400000000000000061e-04,3.110000000000000243e-04,4.189999999999999931e-04,5.929999999999999941e-04
2.349999999999999862e-05,1.143188999999999922e+01,4.000000000000000000e+00,2.680000000000000090e-05,5.470000000000000144e-05,8.459999999999999638e-05,1.169999999999999979e-04,1.559999999999999972e-04,2.030000000000000012e-04,2.620000000000000258e-04,3.440000000000000132e-04,4.640000000000000027e-04,6.620000000000000450e-04
1.790000000000000141e-05,1.405804999999999971e+01,4.000000000000000000e+00,2.519999999999999928e-05,5.140000000000000254e-05,7.969999999999999925e-05,1.110000000000000011e-04,1.489999999999999897e-04,1.949999999999999965e-04,2.539999999999999940e-04,3.359999999999999814e-04,4.629999999999999784e-04,6.899999999999999667e-04
6.519999999999999917e-05,1.043745999999999974e+01,4.000000000000000000e+00,6.799999999999999946e-05,1.389999999999999905e-04,2.149999999999999947e-04,2.999999999999999737e-04,3.980000000000000248e-04,5.199999999999999544e-04,6.759999999999999516e-04,8.869999999999999846e-04,1.199999999999999895e-03,1.680000000000000070e-03
1.250000000000000060e-05,1.074929999999999986e+01,4.000000000000000000e+00,1.340000000000000045e-05,2.739999999999999855e-05,4.240000000000000062e-05,5.920000000000000240e-05,7.849999999999999719e-05,1.019999999999999992e-04,1.320000000000000101e-04,1.700000000000000122e-04,2.280000000000000126e-04,3.190000000000000019e-04
3.369999999999999922e-05,1.211726999999999954e+01,4.000000000000000000e+00,4.080000000000000239e-05,8.320000000000000301e-05,1.289999999999999914e-04,1.789999999999999870e-04,2.390000000000000089e-04,3.110000000000000243e-04,4.049999999999999781e-04,5.310000000000000050e-04,7.209999999999999612e-04,1.039999999999999909e-03
2.430000000000000112e-05,1.000585000000000058e+01,4.000000000000000000e+00,2.430000000000000112e-05,4.949999999999999702e-05,7.669999999999999409e-05,1.060000000000000016e-04,1.410000000000000120e-04,1.830000000000000029e-04,2.369999999999999874e-04,3.089999999999999756e-04,4.119999999999999856e-04,5.800000000000000034e-04
2.589999999999999936e-05,1.419946000000000019e+01,4.000000000000000000e+00,3.669999999999999760e-05,7.499999999999999343e-05,1.160000000000000007e-04,1.620000000000000075e-04,2.159999999999999919e-04,2.829999999999999942e-04,3.710000000000000190e-04,4.879999999999999898e-04,6.740000000000000114e-04,9.929999999999999591e-04
1.200000000000000030e-05,1.293000999999999934e+01,4.000000000000000000e+00,1.559999999999999972e-05,3.180000000000000047e-05,4.929999999999999893e-05,6.889999999999999424e-05,9.170000000000000633e-05,1.200000000000000030e-04,1.559999999999999972e-04,2.049999999999999956e-04,2.790000000000000054e-04,4.060000000000000024e-04
1.760000000000000090e-05,1.133516999999999975e+01,4.000000000000000000e+00,1.989999999999999921e-05,4.069999999999999996e-05,6.310000000000000233e-05,8.799999999999999771e-05,1.169999999999999979e-04,1.520000000000000084e-04,1.979999999999999881e-04,2.599999999999999772e-04,3.510000000000000208e-04,5.050000000000000235e-04
3.860000000000000312e-05,1.276191000000000031e+01,4.000000000000000000e+00,4.920000000000000328e-05,1.010000000000000020e-04,1.559999999999999972e-04,2.169999999999999891e-04,2.900000000000000017e-04,3.789999999999999966e-04,4.949999999999999973e-04,6.539999999999999590e-04,8.959999999999999866e-04,1.289999999999999914e-03
6.959999999999999770e-05,1.026356999999999964e+01,4.000000000000000000e+00,7.140000000000000079e-05,1.459999999999999981e-04,2.249999999999999938e-04,3.139999999999999888e-04,4.169999999999999987e-04,5.439999999999999957e-04,7.089999999999999948e-04,9.290000000000000297e-04,1.250000000000000026e-03,1.740000000000000010e-03
6.170000000000000218e-06,1.351753000000000071e+01,4.000000000000000000e+00,8.339999999999999771e-06,1.699999999999999987e-05,2.629999999999999892e-05,3.680000000000000003e-05,4.890000000000000276e-05,6.380000000000000580e-05,8.260000000000000198e-05,1.069999999999999988e-04,1.459999999999999981e-04,2.100000000000000087e-04
1.209999999999999935e-05,8.863353000000000037e+00,4.000000000000000000e+00,1.069999999999999920e-05,2.190000000000000039e-05,3.389999999999999730e-05,4.740000000000000018e-05,6.239999999999999887e-05,8.129999999999999749e-05,1.050000000000000044e-04,1.379999999999999933e-04,1.849999999999999973e-04,2.620000000000000258e-04
1.220000000000000008e-05,1.106160000000000032e+01,4.000000000000000000e+00,1.349999999999999949e-05,2.760000000000000002e-05,4.279999999999999679e-05,5.970000000000000100e-05,7.949999999999999439e-05,1.039999999999999936e-04,1.350000000000000017e-04,1.759999999999999954e-04,2.390000000000000089e-04,3.440000000000000132e-04
2.470000000000000068e-05,1.318135999999999974e+01,4.000000000000000000e+00,3.249999999999999715e-05,6.640000000000000123e-05,1.029999999999999964e-04,1.430000000000000064e-04,1.920000000000000049e-04,2.509999999999999753e-04,3.280000000000000038e-04,4.330000000000000081e-04,5.950000000000000427e-04,8.819999999999999715e-04
7.839999999999999476e-06,1.146249000000000073e+01,4.000000000000000000e+00,8.980000000000000419e-06,1.830000000000000097e-05,2.850000000000000157e-05,3.990000000000000084e-05,5.259999999999999783e-05,6.880000000000000536e-05,8.940000000000000464e-05,1.190000000000000058e-04,1.620000000000000075e-04,2.339999999999999958e-04
1.180000000000000052e-05,1.022443999999999953e+01,4.000000000000000000e+00,1.200000000000000030e-05,2.460000000000000164e-05,3.820000000000000018e-05,5.339999999999999695e-05,7.100000000000000462e-05,9.239999999999999624e-05,1.200000000000000030e-04,1.569999999999999944e-04,2.110000000000000059e-04,3.040000000000000167e-04
1.590000000000000023e-05,1.249353999999999942e+01,4.000000000000000000e+00,1.989999999999999921e-05,4.059999999999999753e-05,6.299999999999999990e-05,8.720000000000000537e-05,1.160000000000000007e-04,1.520000000000000084e-04,1.969999999999999909e-04,2.610000000000000015e-04,3.550000000000000096e-04,5.159999999999999656e-04
5.270000000000000026e-05,1.076216999999999935e+01,4.000000000000000000e+00,5.670000000000000262e-05,1.160000000000000007e-04,1.779999999999999898e-04,2.489999999999999809e-04,3.299999999999999982e-04,4.299999999999999894e-04,5.580000000000000107e-04,7.309999999999999875e-04,9.859999999999998974e-04,1.379999999999999933e-03
6.829999999999999829e-06,8.457150000000000389e+00,4.000000000000000000e+00,5.779999999999999717e-06,1.180000000000000052e-05,1.830000000000000097e-05,2.549999999999999980e-05,3.399999999999999973e-05,4.410000000000000129e-05,5.700000000000000314e-05,7.420000000000000109e-05,9.809999999999999927e-05,1.389999999999999905e-04
2.990000000000000172e-06,1.381387999999999927e+01,4.000000000000000000e+00,4.130000000000000268e-06,8.460000000000000316e-06,1.309999999999999994e-05,1.840000000000000001e-05,2.460000000000000164e-05,3.210000000000000098e-05,4.179999999999999959e-05,5.539999999999999813e-05,7.519999999999999829e-05,1.100000000000000039e-04
2.050000000000000024e-05,9.701905999999999253e+00,4.000000000000000000e+00,1.989999999999999921e-05,4.000000000000000327e-05,6.289999999999999747e-05,8.760000000000000154e-05,1.160000000000000007e-04,1.510000000000000112e-04,1.949999999999999965e-04,2.539999999999999940e-04,3.409999999999999945e-04,4.809999999999999823e-04
2.280000000000000193e-06,1.308801000000000059e+01,4.000000000000000000e+00,2.990000000000000172e-06,6.100000000000000042e-06,9.459999999999999212e-06,1.329999999999999972e-05,1.769999999999999994e-05,2.309999999999999906e-05,3.009999999999999980e-05,3.960000000000000033e-05,5.369999999999999746e-05,7.820000000000000345e-05
1.329999999999999972e-05,1.084179999999999922e+01,4.000000000000000000e+00,1.450000000000000009e-05,2.939999999999999973e-05,4.559999999999999709e-05,6.360000000000000093e-05,8.449999999999999395e-05,1.100000000000000039e-04,1.420000000000000092e-04,1.840000000000000001e-04,2.480000000000000108e-04,3.510000000000000208e-04
1.009999999999999986e-05,1.327491000000000021e+01,4.000000000000000000e+00,1.349999999999999949e-05,2.739999999999999855e-05,4.259999999999999871e-05,5.929999999999999806e-05,7.889999999999999336e-05,1.029999999999999964e-04,1.330000000000000073e-04,1.740000000000000010e-04,2.349999999999999930e-04,3.370000000000000057e-04
2.180000000000000134e-05,1.406232999999999933e+01,4.000000000000000000e+00,3.059999999999999840e-05,6.260000000000000373e-05,9.689999999999999720e-05,1.350000000000000017e-04,1.800000000000000113e-04,2.369999999999999874e-04,3.099999999999999999e-04,4.110000000000000155e-04,5.659999999999999884e-04,8.469999999999999881e-04
4.860000000000000225e-05,1.079556999999999967e+01,4.000000000000000000e+00,5.250000000000000218e-05,1.069999999999999988e-04,1.659999999999999963e-04,2.310000000000000042e-04,3.080000000000000055e-04,4.020000000000000136e-04,5.230000000000000274e-04,6.890000000000000508e-04,9.370000000000000074e-04,1.340000000000000045e-03
3.189999999999999951e-06,1.253325000000000067e+01,4.000000000000000000e+00,3.999999999999999819e-06,8.159999999999999800e-06,1.270000000000000038e-05,1.769999999999999994e-05,2.370000000000000009e-05,3.080000000000000326e-05,4.009999999999999893e-05,5.259999999999999783e-05,7.119999999999999593e-05,1.029999999999999964e-04
3.109999999999999700e-05,1.270381000000000071e+01,4.000000000000000000e+00,3.949999999999999789e-05,8.059999999999999402e-05,1.250000000000000026e-04,1.740000000000000010e-04,2.320000000000000014e-04,3.029999999999999924e-04,3.950000000000000061e-04,5.199999999999999544e-04,7.110000000000000434e-04,1.039999999999999909e-03
3.559999999999999797e-05,1.753958000000000084e+01,6.000000000000000000e+00,6.250000000000000130e-05,1.289999999999999914e-04,1.990000000000000124e-04,2.770000000000000110e-04,3.660000000000000059e-04,4.760000000000000234e-04,6.160000000000000111e-04,8.090000000000000403e-04,1.090000000000000040e-03,1.520000000000000084e-03
1.500000000000000038e-05,2.001942999999999984e+01,6.000000000000000000e+00,2.989999999999999833e-05,6.109999999999999438e-05,9.430000000000000177e-05,1.320000000000000101e-04,1.740000000000000010e-04,2.269999999999999882e-04,2.950000000000000148e-04,3.869999999999999742e-04,5.310000000000000050e-04,7.900000000000000121e-04
1.590000000000000023e-06,1.938224999999999909e+01,6.000000000000000000e+00,3.080000000000000157e-06,6.280000000000000012e-06,9.710000000000000206e-06,1.349999999999999949e-05,1.800000000000000046e-05,2.330000000000000053e-05,3.009999999999999980e-05,3.940000000000000224e-05,5.310000000000000321e-05,7.679999999999999652e-05
1.940000000000000060e-05,1.656851999999999947e+01,6.000000000000000000e+00,3.210000000000000098e-05,6.559999999999999534e-05,1.010000000000000020e-04,1.410000000000000120e-04,1.869999999999999917e-04,2.429999999999999977e-04,3.139999999999999888e-04,4.130000000000000099e-04,5.609999999999999752e-04,8.239999999999999712e-04
1.460000000000000082e-05,1.780939000000000050e+01,6.000000000000000000e+00,2.599999999999999840e-05,5.319999999999999886e-05,8.239999999999999712e-05,1.150000000000000035e-04,1.520000000000000084e-04,1.979999999999999881e-04,2.570000000000000127e-04,3.390000000000000001e-04,4.629999999999999784e-04,6.890000000000000508e-04
1.980000000000000101e-06,1.841957999999999984e+01,6.000000000000000000e+00,3.639999999999999878e-06,7.430000000000000013e-06,1.150000000000000001e-05,1.599999999999999928e-05,2.129999999999999935e-05,2.760000000000000002e-05,3.570000000000000040e-05,4.669999999999999672e-05,6.299999999999999990e-05,9.129999999999999661e-05
4.300000000000000335e-06,1.431945999999999941e+01,6.000000000000000000e+00,6.150000000000000410e-06,1.259999999999999964e-05,1.949999999999999965e-05,2.710000000000000142e-05,3.600000000000000091e-05,4.649999999999999864e-05,6.000000000000000152e-05,7.820000000000000345e-05,1.050000000000000044e-04,1.510000000000000112e-04
1.299999999999999920e-05,1.701128999999999891e+01,6.000000000000000000e+00,2.209999999999999847e-05,4.509999999999999849e-05,6.980000000000000256e-05,9.699999999999999963e-05,1.279999999999999942e-04,1.659999999999999963e-04,2.149999999999999947e-04,2.799999999999999755e-04,3.789999999999999966e-04,5.479999999999999845e-04
3.419999999999999782e-05,1.664086999999999961e+01,6.000000000000000000e+00,5.700000000000000314e-05,1.179999999999999951e-04,1.820000000000000057e-04,2.519999999999999996e-04,3.339999999999999870e-04,4.330000000000000081e-04,5.599999999999999509e-04,7.309999999999999875e-04,9.859999999999998974e-04,1.379999999999999933e-03
2.990000000000000172e-06,1.344417999999999935e+01,6.000000000000000000e+00,4.019999999999999628e-06,8.199999999999999417e-06,1.270000000000000038e-05,1.760000000000000090e-05,2.339999999999999958e-05,3.030000000000000128e-05,3.889999999999999686e-05,5.050000000000000100e-05,6.739999999999999843e-05,9.509999999999999411e-05
1.999999999999999909e-06,1.958849000000000018e+01,6.000000000000000000e+00,3.919999999999999738e-06,7.989999999999999734e-06,1.239999999999999986e-05,1.730000000000000038e-05,2.290000000000000098e-05,2.970000000000000024e-05,3.839999999999999826e-05,5.030000000000000291e-05,6.789999999999999703e-05,9.859999999999999787e-05
1.999999999999999909e-06,2.037835000000000107e+01,6.000000000000000000e+00,4.079999999999999900e-06,8.329999999999999867e-06,1.290000000000000016e-05,1.800000000000000046e-05,2.400000000000000061e-05,3.119999999999999944e-05,4.039999999999999944e-05,5.310000000000000321e-05,7.229999999999999556e-05,1.069999999999999988e-04
5.849999999999999894e-06,1.443197999999999936e+01,6.000000000000000000e+00,8.440000000000000507e-06,1.720000000000000134e-05,2.659999999999999943e-05,3.710000000000000054e-05,4.910000000000000085e-05,6.349999999999999850e-05,8.169999999999999366e-05,1.060000000000000016e-04,1.420000000000000092e-04,2.020000000000000040e-04
1.450000000000000009e-05,1.775308000000000064e+01,6.000000000000000000e+00,2.580000000000000031e-05,5.259999999999999783e-05,8.139999999999999992e-05,1.129999999999999955e-04,1.499999999999999869e-04,1.939999999999999993e-04,2.509999999999999753e-04,3.280000000000000038e-04,4.449999999999999746e-04,6.470000000000000057e-04
7.320000000000000219e-06,1.478120999999999974e+01,6.000000000000000000e+00,1.079999999999999993e-05,2.199999999999999943e-05,3.399999999999999973e-05,4.729999999999999775e-05,6.239999999999999887e-05,8.059999999999999402e-05,1.039999999999999936e-04,1.340000000000000045e-04,1.789999999999999870e-04,2.519999999999999996e-04
1.790000000000000141e-05,1.171715000000000018e+01,6.000000000000000000e+00,2.099999999999999884e-05,4.270000000000000114e-05,6.590000000000000263e-05,9.129999999999999661e-05,1.200000000000000030e-04,1.550000000000000000e-04,1.979999999999999881e-04,2.539999999999999940e-04,3.350000000000000113e-04,4.620000000000000083e-04
1.900000000000000105e-05,1.696753000000000000e+01,6.000000000000000000e+00,3.219999999999999664e-05,6.580000000000000020e-05,1.019999999999999992e-04,1.420000000000000092e-04,1.879999999999999890e-04,2.439999999999999949e-04,3.170000000000000075e-04,4.169999999999999987e-04,5.689999999999999529e-04,8.419999999999999750e-04
3.199999999999999855e-06,1.285890999999999984e+01,6.000000000000000000e+00,4.120000000000000364e-06,8.379999999999999388e-06,1.290000000000000016e-05,1.800000000000000046e-05,2.379999999999999913e-05,3.070000000000000083e-05,3.929999999999999981e-05,5.080000000000000151e-05,6.710000000000000469e-05,9.320000000000000214e-05
2.529999999999999833e-05,1.457821000000000033e+01,6.000000000000000000e+00,3.690000000000000246e-05,7.669999999999999409e-05,1.190000000000000058e-04,1.649999999999999991e-04,2.190000000000000106e-04,2.840000000000000185e-04,3.660000000000000059e-04,4.800000000000000122e-04,6.470000000000000057e-04,9.349999999999999587e-04
3.470000000000000319e-05,1.343609999999999971e+01,6.000000000000000000e+00,4.669999999999999672e-05,9.650000000000000103e-05,1.489999999999999897e-04,2.069999999999999900e-04,2.739999999999999923e-04,3.539999999999999853e-04,4.550000000000000008e-04,5.929999999999999941e-04,7.929999999999999766e-04,1.129999999999999928e-03
1.309999999999999951e-06,2.142175999999999902e+01,6.000000000000000000e+00,2.799999999999999873e-06,5.720000000000000292e-06,8.869999999999999779e-06,1.239999999999999986e-05,1.650000000000000127e-05,2.150000000000000083e-05,2.780000000000000149e-05,3.660000000000000194e-05,4.989999999999999997e-05,7.370000000000000249e-05
1.760000000000000090e-05,1.512667000000000073e+01,6.000000000000000000e+00,2.659999999999999943e-05,5.440000000000000093e-05,8.399999999999999535e-05,1.169999999999999979e-04,1.540000000000000028e-04,2.000000000000000096e-04,2.570000000000000127e-04,3.339999999999999870e-04,4.510000000000000120e-04,6.470000000000000057e-04
3.499999999999999693e-05,1.404171999999999976e+01,6.000000000000000000e+00,4.910000000000000085e-05,1.010000000000000020e-04,1.569999999999999944e-04,2.180000000000000134e-04,2.880000000000000073e-04,3.730000000000000134e-04,4.829999999999999767e-04,6.310000000000000504e-04,8.480000000000000124e-04,1.219999999999999947e-03
1.049999999999999942e-05,1.386464999999999925e+01,6.000000000000000000e+00,1.460000000000000082e-05,2.970000000000000024e-05,4.600000000000000004e-05,6.399999999999999710e-05,8.449999999999999395e-05,1.090000000000000067e-04,1.410000000000000120e-04,1.830000000000000029e-04,2.449999999999999921e-04,3.490000000000000263e-04
1.989999999999999921e-05,1.681989000000000090e+01,6.000000000000000000e+00,3.339999999999999870e-05,6.820000000000000433e-05,1.050000000000000044e-04,1.459999999999999981e-04,1.939999999999999993e-04,2.519999999999999996e-04,3.249999999999999851e-04,4.249999999999999763e-04,5.779999999999999548e-04,8.429999999999999993e-04
5.800000000000000373e-06,1.706032000000000082e+01,6.000000000000000000e+00,9.900000000000000081e-06,2.019999999999999972e-05,3.130000000000000187e-05,4.360000000000000269e-05,5.769999999999999982e-05,7.490000000000000455e-05,9.689999999999999720e-05,1.269999999999999970e-04,1.710000000000000094e-04,2.480000000000000108e-04
2.569999999999999958e-06,1.526848999999999990e+01,6.000000000000000000e+00,3.929999999999999642e-06,7.999999999999999638e-06,1.239999999999999986e-05,1.720000000000000134e-05,2.279999999999999854e-05,2.949999999999999877e-05,3.800000000000000209e-05,4.940000000000000136e-05,6.600000000000000506e-05,9.349999999999999587e-05
2.300000000000000002e-05,1.481794999999999973e+01,6.000000000000000000e+00,3.399999999999999973e-05,7.090000000000000219e-05,1.100000000000000039e-04,1.530000000000000056e-04,2.020000000000000040e-04,2.620000000000000258e-04,3.390000000000000001e-04,4.440000000000000045e-04,5.999999999999999474e-04,8.710000000000000294e-04
1.079999999999999993e-05,1.996143999999999963e+01,6.000000000000000000e+00,2.159999999999999987e-05,4.410000000000000129e-05,6.839999999999999563e-05,9.509999999999999411e-05,1.259999999999999998e-04,1.640000000000000019e-04,2.130000000000000003e-04,2.820000000000000241e-04,3.840000000000000097e-04,5.720000000000000258e-04
2.290000000000000098e-05,1.331827000000000005e+01,6.000000000000000000e+00,3.049999999999999936e-05,6.360000000000000093e-05,9.890000000000000516e-05,1.369999999999999961e-04,1.810000000000000085e-04,2.349999999999999930e-04,3.029999999999999924e-04,3.950000000000000061e-04,5.289999999999999564e-04,7.600000000000000418e-04
2.409999999999999965e-05,1.746603999999999957e+01,6.000000000000000000e+00,4.210000000000000011e-05,8.770000000000000397e-05,1.359999999999999989e-04,1.890000000000000133e-04,2.500000000000000052e-04,3.240000000000000150e-04,4.200000000000000174e-04,5.469999999999999602e-04,7.420000000000000380e-04,1.069999999999999988e-03
1.369999999999999927e-05,1.164958999999999989e+01,6.000000000000000000e+00,1.590000000000000023e-05,3.249999999999999715e-05,5.009999999999999805e-05,6.949999999999999527e-05,9.150000000000000147e-05,1.179999999999999951e-04,1.510000000000000112e-04,1.939999999999999993e-04,2.559999999999999884e-04,3.539999999999999853e-04
2.570000000000000127e-05,1.251019999999999932e+01,6.000000000000000000e+00,3.219999999999999664e-05,6.559999999999999534e-05,1.010000000000000020e-04,1.399999999999999877e-04,1.849999999999999973e-04,2.390000000000000089e-04,3.069999999999999812e-04,3.980000000000000248e-04,5.299999999999999807e-04,7.420000000000000380e-04
5.179999999999999871e-05,1.192693000000000048e+01,6.000000000000000000e+00,6.179999999999999784e-05,1.269999999999999970e-04,1.959999999999999937e-04,2.709999999999999735e-04,3.579999999999999741e-04,4.609999999999999840e-04,5.910000000000000539e-04,7.640000000000000306e-04,1.010000000000000047e-03,1.389999999999999960e-03
6.009999999999999717e-05,1.207418999999999976e+01,6.000000000000000000e+00,7.260000000000000286e-05,1.489999999999999897e-04,2.300000000000000070e-04,3.190000000000000019e-04,4.209999999999999875e-04,5.439999999999999957e-04,6.999999999999999929e-04,9.100000000000000016e-04,1.209999999999999921e-03,1.660000000000000017e-03
2.990000000000000172e-06,2.113985999999999876e+01,6.000000000000000000e+00,6.319999999999999629e-06,1.290000000000000016e-05,2.010000000000000068e-05,2.809999999999999862e-05,3.729999999999999863e-05,4.860000000000000225e-05,6.310000000000000233e-05,8.339999999999999432e-05,1.140000000000000063e-04,1.710000000000000094e-04
1.270000000000000038e-05,1.498569999999999958e+01,6.000000000000000000e+00,1.900000000000000105e-05,3.880000000000000121e-05,6.009999999999999717e-05,8.349999999999999675e-05,1.100000000000000039e-04,1.430000000000000064e-04,1.840000000000000001e-04,2.400000000000000061e-04,3.229999999999999907e-04,4.629999999999999784e-04
3.320000000000000062e-05,1.361120999999999981e+01,6.000000000000000000e+00,4.520000000000000092e-05,9.339999999999999344e-05,1.440000000000000036e-04,2.010000000000000068e-04,2.649999999999999903e-04,3.429999999999999889e-04,4.420000000000000101e-04,5.760000000000000146e-04,7.730000000000000326e-04,1.110000000000000092e-03
3.099999999999999966e-06,1.417887999999999948e+01,6.000000000000000000e+00,4.400000000000000224e-06,8.960000000000000611e-06,1.380000000000000001e-05,1.919999999999999913e-05,2.549999999999999980e-05,3.290000000000000010e-05,4.210000000000000011e-05,5.450000000000000336e-05,7.220000000000000669e-05,1.010000000000000020e-04
1.049999999999999942e-05,1.708354999999999890e+01,6.000000000000000000e+00,1.790000000000000141e-05,3.660000000000000194e-05,5.679999999999999828e-05,7.899999999999999579e-05,1.039999999999999936e-04,1.359999999999999989e-04,1.759999999999999954e-04,2.310000000000000042e-04,3.130000000000000187e-04,4.589999999999999896e-04
6.179999999999999784e-05,1.183475999999999928e+01,6.000000000000000000e+00,7.320000000000000389e-05,1.499999999999999869e-04,2.320000000000000014e-04,3.209999999999999963e-04,4.240000000000000062e-04,5.469999999999999602e-04,7.020000000000000415e-04,9.110000000000000259e-04,1.209999999999999921e-03,1.649999999999999991e-03
8.899999999999999491e-06,2.219405000000000072e+01,6.000000000000000000e+00,1.970000000000000112e-05,4.039999999999999944e-05,6.260000000000000373e-05,8.720000000000000537e-05,1.160000000000000007e-04,1.510000000000000112e-04,1.959999999999999937e-04,2.599999999999999772e-04,3.579999999999999741e-04,5.410000000000000312e-04
2.720000000000000046e-05,1.817616999999999905e+01,6.000000000000000000e+00,4.940000000000000136e-05,1.019999999999999992e-04,1.579999999999999916e-04,2.200000000000000078e-04,2.910000000000000260e-04,3.789999999999999966e-04,4.920000000000000328e-04,6.459999999999999814e-04,8.809999999999999472e-04,1.260000000000000052e-03
6.600000000000000337e-06,1.376676999999999929e+01,6.000000000000000000e+00,9.089999999999999366e-06,1.849999999999999906e-05,2.860000000000000061e-05,3.979999999999999841e-05,5.259999999999999783e-05,6.779999999999999460e-05,8.710000000000000294e-05,1.129999999999999955e-04,1.499999999999999869e-04,2.110000000000000059e-04
8.120000000000000183e-06,1.256208999999999953e+01,6.000000000000000000e+00,1.020000000000000060e-05,2.080000000000000075e-05,3.210000000000000098e-05,4.470000000000000232e-05,5.899999999999999754e-05,7.610000000000000661e-05,9.699999999999999963e-05,1.259999999999999998e-04,1.669999999999999935e-04,2.329999999999999986e-04
5.710000000000000387e-06,1.799290999999999840e+01,6.000000000000000000e+00,1.029999999999999964e-05,2.089999999999999980e-05,3.240000000000000150e-05,4.509999999999999849e-05,5.970000000000000100e-05,7.729999999999999513e-05,9.969999999999999750e-05,1.299999999999999886e-04,1.749999999999999982e-04,2.530000000000000239e-04
2.810000000000000201e-06,1.791001999999999938e+01,6.000000000000000000e+00,5.030000000000000122e-06,1.029999999999999964e-05,1.590000000000000023e-05,2.220000000000000090e-05,2.939999999999999973e-05,3.820000000000000018e-05,4.929999999999999893e-05,6.449999999999999570e-05,8.710000000000000294e-05,1.259999999999999998e-04
8.739999999999999329e-06,1.584388000000000041e+01,6.000000000000000000e+00,1.390000000000000075e-05,2.830000000000000010e-05,4.369999999999999834e-05,6.069999999999999821e-05,8.030000000000000028e-05,1.039999999999999936e-04,1.340000000000000045e-04,1.740000000000000010e-04,2.339999999999999958e-04,3.330000000000000169e-04
1.980000000000000016e-05,1.664144999999999897e+01,6.000000000000000000e+00,3.290000000000000010e-05,6.710000000000000469e-05,1.039999999999999936e-04,1.440000000000000036e-04,1.900000000000000105e-04,2.460000000000000164e-04,3.170000000000000075e-04,4.130000000000000099e-04,5.569999999999999864e-04,8.019999999999999785e-04
3.740000000000000106e-05,1.411403999999999925e+01,6.000000000000000000e+00,5.280000000000000269e-05,1.090000000000000067e-04,1.679999999999999907e-04,2.329999999999999986e-04,3.089999999999999756e-04,3.989999999999999949e-04,5.150000000000000498e-04,6.700000000000000226e-04,8.989999999999999511e-04,1.270000000000000078e-03
8.899999999999999491e-06,1.804619999999999891e+01,6.000000000000000000e+00,1.609999999999999832e-05,3.279999999999999767e-05,5.069999999999999908e-05,7.050000000000000602e-05,9.339999999999999344e-05,1.210000000000000002e-04,1.559999999999999972e-04,2.039999999999999984e-04,2.770000000000000110e-04,4.029999999999999837e-04
4.909999999999999577e-06,1.865458999999999889e+01,6.000000000000000000e+00,9.160000000000000390e-06,1.870000000000000053e-05,2.890000000000000113e-05,4.029999999999999701e-05,5.339999999999999695e-05,6.920000000000000153e-05,8.940000000000000464e-05,1.169999999999999979e-04,1.579999999999999916e-04,2.290000000000000098e-04
2.920000000000000164e-05,1.257041000000000075e+01,6.000000000000000000e+00,3.669999999999999760e-05,7.610000000000000661e-05,1.179999999999999951e-04,1.630000000000000047e-04,2.159999999999999919e-04,2.790000000000000054e-04,3.589999999999999984e-04,4.670000000000000214e-04,6.220000000000000485e-04,8.840000000000000201e-04
5.550000000000000056e-05,1.274079000000000050e+01,6.000000000000000000e+00,7.069999999999999733e-05,1.450000000000000009e-04,2.239999999999999966e-04,3.110000000000000243e-04,4.119999999999999856e-04,5.330000000000000536e-04,6.870000000000000022e-04,8.970000000000000109e-04,1.199999999999999895e-03,1.670000000000000043e-03
3.880000000000000121e-05,1.331147999999999954e+01,6.000000000000000000e+00,5.170000000000000306e-05,1.069999999999999988e-04,1.649999999999999991e-04,2.280000000000000126e-04,3.009999999999999980e-04,3.890000000000000228e-04,5.000000000000000104e-04,6.480000000000000300e-04,8.630000000000000518e-04,1.209999999999999921e-03
2.659999999999999943e-05,1.762098999999999904e+01,6.000000000000000000e+00,4.690000000000000158e-05,9.710000000000000206e-05,1.499999999999999869e-04,2.090000000000000115e-04,2.770000000000000110e-04,3.600000000000000227e-04,4.670000000000000214e-04,6.120000000000000223e-04,8.319999999999999488e-04,1.190000000000000085e-03
9.959999999999999507e-06,2.211234999999999928e+01,6.000000000000000000e+00,2.199999999999999943e-05,4.500000000000000283e-05,6.980000000000000256e-05,9.720000000000000450e-05,1.289999999999999914e-04,1.679999999999999907e-04,2.190000000000000106e-04,2.900000000000000017e-04,4.000000000000000192e-04,6.049999999999999606e-04
4.339999999999999952e-06,1.666602999999999923e+01,6.000000000000000000e+00,7.230000000000000234e-06,1.469999999999999986e-05,2.279999999999999854e-05,3.180000000000000047e-05,4.199999999999999768e-05,5.440000000000000093e-05,7.009999999999999630e-05,9.139999999999999904e-05,1.230000000000000082e-04,1.759999999999999954e-04
5.740000000000000100e-06,1.686617999999999995e+01,6.000000000000000000e+00,9.680000000000000494e-06,1.970000000000000112e-05,3.049999999999999936e-05,4.250000000000000305e-05,5.619999999999999725e-05,7.270000000000000529e-05,9.370000000000000074e-05,1.219999999999999974e-04,1.640000000000000019e-04,2.349999999999999930e-04
1.540000000000000163e-05,1.512124999999999986e+01,6.000000000000000000e+00,2.330000000000000053e-05,4.750000000000000262e-05,7.360000000000000006e-05,1.019999999999999992e-04,1.350000000000000017e-04,1.759999999999999954e-04,2.269999999999999882e-04,2.990000000000000036e-04,4.060000000000000024e-04,5.879999999999999810e-04
3.809999999999999944e-06,2.228224000000000160e+01,6.000000000000000000e+00,8.499999999999999933e-06,1.739999999999999942e-05,2.699999999999999899e-05,3.770000000000000158e-05,5.009999999999999805e-05,6.519999999999999917e-05,8.469999999999999881e-05,1.119999999999999983e-04,1.540000000000000028e-04,2.310000000000000042e-04
1.090000000000000067e-05,1.876803999999999917e+01,6.000000000000000000e+00,2.040000000000000119e-05,4.169999999999999716e-05,6.459999999999999814e-05,8.980000000000000081e-05,1.190000000000000058e-04,1.550000000000000000e-04,2.000000000000000096e-04,2.629999999999999959e-04,3.570000000000000040e-04,5.249999999999999676e-04
3.479999999999999885e-05,1.297699000000000069e+01,6.000000000000000000e+00,4.509999999999999849e-05,9.330000000000000457e-05,1.440000000000000036e-04,2.000000000000000096e-04,2.640000000000000202e-04,3.409999999999999945e-04,4.380000000000000213e-04,5.680000000000000370e-04,7.579999999999999932e-04,1.069999999999999988e-03
3.949999999999999789e-05,1.402041000000000004e+01,6.000000000000000000e+00,5.539999999999999813e-05,1.140000000000000063e-04,1.759999999999999954e-04,2.449999999999999921e-04,3.249999999999999851e-04,4.200000000000000174e-04,5.439999999999999957e-04,7.119999999999999593e-04,9.600000000000000243e-04,1.360000000000000098e-03
2.529999999999999833e-05,1.613080000000000069e+01,6.000000000000000000e+00,4.080000000000000239e-05,8.490000000000000368e-05,1.310000000000000129e-04,1.830000000000000029e-04,2.420000000000000005e-04,3.130000000000000187e-04,4.049999999999999781e-04,5.270000000000000162e-04,7.110000000000000434e-04,1.020000000000000073e-03
2.479999999999999972e-05,1.194566999999999979e+01,6.000000000000000000e+00,2.960000000000000120e-05,6.019999999999999961e-05,9.299999999999999727e-05,1.289999999999999914e-04,1.689999999999999879e-04,2.180000000000000134e-04,2.799999999999999755e-04,3.609999999999999928e-04,4.780000000000000178e-04,6.650000000000000095e-04
5.049999999999999930e-06,1.470539999999999914e+01,6.000000000000000000e+00,7.430000000000000013e-06,1.520000000000000016e-05,2.349999999999999862e-05,3.279999999999999767e-05,4.339999999999999782e-05,5.629999999999999968e-05,7.260000000000000286e-05,9.480000000000000037e-05,1.279999999999999942e-04,1.840000000000000001e-04
3.520000000000000180e-06,1.569011000000000067e+01,6.000000000000000000e+00,5.530000000000000417e-06,1.130000000000000023e-05,1.749999999999999847e-05,2.430000000000000112e-05,3.229999999999999907e-05,4.179999999999999959e-05,5.390000000000000233e-05,7.030000000000000116e-05,9.459999999999999551e-05,1.359999999999999989e-04
3.279999999999999936e-06,1.937772000000000006e+01,6.000000000000000000e+00,6.350000000000000189e-06,1.259999999999999964e-05,1.959999999999999869e-05,2.739999999999999855e-05,3.639999999999999708e-05,4.720000000000000210e-05,6.119999999999999681e-05,8.040000000000000271e-05,1.090000000000000067e-04,1.610000000000000103e-04
7.050000000000000263e-06,1.819682999999999851e+01,6.000000000000000000e+00,1.279999999999999942e-05,2.619999999999999987e-05,4.069999999999999996e-05,5.670000000000000262e-05,7.530000000000000072e-05,9.789999999999999441e-05,1.269999999999999970e-04,1.669999999999999935e-04,2.280000000000000126e-04,3.379999999999999758e-04
1.139999999999999927e-05,1.582482000000000077e+01,6.000000000000000000e+00,1.800000000000000046e-05,3.680000000000000003e-05,5.700000000000000314e-05,7.940000000000000551e-05,1.050000000000000044e-04,1.359999999999999989e-04,1.769999999999999926e-04,2.310000000000000042e-04,3.130000000000000187e-04,4.569999999999999952e-04
3.719999999999999959e-06,1.638403999999999883e+01,6.000000000000000000e+00,6.100000000000000042e-06,1.239999999999999986e-05,1.930000000000000156e-05,2.689999999999999995e-05,3.570000000000000040e-05,4.630000000000000055e-05,5.979999999999999666e-05,7.830000000000000588e-05,1.060000000000000016e-04,1.530000000000000056e-04
1.040000000000000038e-05,2.054954999999999998e+01,6.000000000000000000e+00,2.139999999999999840e-05,4.369999999999999834e-05,6.779999999999999460e-05,9.419999999999999934e-05,1.250000000000000026e-04,1.620000000000000075e-04,2.110000000000000059e-04,2.770000000000000110e-04,3.780000000000000265e-04,5.609999999999999752e-04
5.069999999999999908e-05,1.351886999999999972e+01,6.000000000000000000e+00,6.860000000000000050e-05,1.410000000000000120e-04,2.180000000000000134e-04,3.020000000000000223e-04,4.000000000000000192e-04,5.180000000000000143e-04,6.689999999999999983e-04,8.739999999999999939e-04,1.170000000000000033e-03,1.629999999999999939e-03
8.980000000000000419e-06,1.858669000000000082e+01,6.000000000000000000e+00,1.669999999999999935e-05,3.399999999999999973e-05,5.270000000000000026e-05,7.320000000000000389e-05,9.689999999999999720e-05,1.259999999999999998e-04,1.620000000000000075e-04,2.120000000000000031e-04,2.869999999999999830e-04,4.159999999999999744e-04
5.130000000000000011e-06,1.264213999999999949e+01,6.000000000000000000e+00,6.479999999999999791e-06,1.320000000000000067e-05,2.050000000000000024e-05,2.850000000000000157e-05,3.770000000000000158e-05,4.869999999999999790e-05,6.250000000000000130e-05,8.110000000000000618e-05,1.079999999999999960e-04,1.520000000000000084e-04
2.089999999999999980e-05,1.909479999999999933e+01,6.000000000000000000e+00,4.000000000000000327e-05,8.150000000000000235e-05,1.259999999999999998e-04,1.749999999999999982e-04,2.320000000000000014e-04,3.009999999999999980e-04,3.890000000000000228e-04,5.100000000000000366e-04,6.939999999999999555e-04,1.010000000000000047e-03
5.110000000000000203e-05,1.191646000000000072e+01,6.000000000000000000e+00,6.090000000000000307e-05,1.250000000000000026e-04,1.930000000000000021e-04,2.680000000000000090e-04,3.530000000000000152e-04,4.550000000000000008e-04,5.829999999999999679e-04,7.540000000000000044e-04,9.979999999999999722e-04,1.379999999999999933e-03
8.929999999999999204e-06,1.451022000000000034e+01,6.000000000000000000e+00,1.299999999999999920e-05,2.640000000000000135e-05,4.089999999999999804e-05,5.679999999999999828e-05,7.499999999999999343e-05,9.699999999999999963e-05,1.250000000000000026e-04,1.610000000000000103e-04,2.169999999999999891e-04,3.069999999999999812e-04
5.820000000000000181e-06,1.317120000000000068e+01,6.000000000000000000e+00,7.659999999999999505e-06,1.559999999999999972e-05,2.419999999999999869e-05,3.369999999999999922e-05,4.449999999999999746e-05,5.750000000000000174e-05,7.389999999999999380e-05,9.590000000000000000e-05,1.279999999999999942e-04,1.800000000000000113e-04
5.270000000000000365e-06,1.976037000000000177e+01,6.000000000000000000e+00,1.040000000000000038e-05,2.129999999999999935e-05,3.290000000000000010e-05,4.589999999999999761e-05,6.080000000000000064e-05,7.880000000000000448e-05,1.019999999999999992e-04,1.330000000000000073e-04,1.820000000000000057e-04,2.640000000000000202e-04
2.220000000000000090e-05,2.077032000000000167e+01,6.000000000000000000e+00,4.610000000000000247e-05,9.419999999999999934e-05,1.450000000000000009e-04,2.030000000000000012e-04,2.689999999999999791e-04,3.499999999999999964e-04,4.560000000000000251e-04,6.019999999999999961e-04,8.270000000000000441e-04,1.199999999999999895e-03
4.429999999999999937e-05,1.558948000000000000e+01,6.000000000000000000e+00,6.899999999999999667e-05,1.420000000000000092e-04,2.190000000000000106e-04,3.040000000000000167e-04,4.029999999999999837e-04,5.220000000000000031e-04,6.750000000000000357e-04,8.819999999999999715e-04,1.180000000000000059e-03,1.629999999999999939e-03
1.450000000000000009e-05,1.619651999999999958e+01,6.000000000000000000e+00,2.339999999999999958e-05,4.780000000000000313e-05,7.389999999999999380e-05,1.029999999999999964e-04,1.359999999999999989e-04,1.759999999999999954e-04,2.269999999999999882e-04,2.959999999999999849e-04,3.989999999999999949e-04,5.749999999999999903e-04
2.120000000000000031e-05,1.662064000000000163e+01,6.000000000000000000e+00,3.520000000000000180e-05,7.169999999999999453e-05,1.110000000000000011e-04,1.540000000000000028e-04,2.039999999999999984e-04,2.640000000000000202e-04,3.400000000000000244e-04,4.440000000000000045e-04,6.009999999999999717e-04,8.700000000000000051e-04
1.099999999999999971e-05,1.691065000000000040e+01,6.000000000000000000e+00,1.870000000000000053e-05,3.729999999999999863e-05,5.879999999999999946e-05,8.169999999999999366e-05,1.079999999999999960e-04,1.399999999999999877e-04,1.800000000000000113e-04,2.349999999999999930e-04,3.170000000000000075e-04,4.539999999999999765e-04
3.660000000000000110e-06,1.435632000000000019e+01,6.000000000000000000e+00,5.249999999999999709e-06,1.069999999999999920e-05,1.650000000000000127e-05,2.300000000000000002e-05,3.040000000000000032e-05,3.919999999999999738e-05,5.039999999999999857e-05,6.519999999999999917e-05,8.660000000000000434e-05,1.210000000000000002e-04
2.110000000000000127e-06,1.565497000000000050e+01,6.000000000000000000e+00,3.310000000000000073e-06,6.739999999999999843e-06,1.040000000000000038e-05,1.450000000000000009e-05,1.930000000000000156e-05,2.489999999999999877e-05,3.210000000000000098e-05,4.179999999999999959e-05,5.599999999999999916e-05,7.980000000000000168e-05
3.480000000000000139e-06,1.688692999999999955e+01,6.000000000000000000e+00,5.869999999999999703e-06,1.200000000000000030e-05,1.849999999999999906e-05,2.580000000000000031e-05,3.419999999999999782e-05,4.419999999999999694e-05,5.690000000000000071e-05,7.399999999999999623e-05,9.940000000000000376e-05,1.420000000000000092e-04
2.330000000000000053e-05,2.151429999999999865e+01,6.000000000000000000e+00,5.020000000000000048e-05,1.039999999999999936e-04,1.610000000000000103e-04,2.239999999999999966e-04,2.979999999999999793e-04,3.890000000000000228e-04,5.090000000000000123e-04,6.740000000000000114e-04,8.970000000000000109e-04,1.350000000000000071e-03
2.540000000000000076e-05,1.345322999999999958e+01,6.000000000000000000e+00,3.410000000000000216e-05,6.949999999999999527e-05,1.069999999999999988e-04,1.489999999999999897e-04,1.959999999999999937e-04,2.539999999999999940e-04,3.269999999999999795e-04,4.240000000000000062e-04,5.670000000000000127e-04,8.040000000000000271e-04
4.509999999999999849e-05,1.221822000000000052e+01,6.000000000000000000e+00,5.509999999999999761e-05,1.140000000000000063e-04,1.749999999999999982e-04,2.429999999999999977e-04,3.200000000000000262e-04,4.130000000000000099e-04,5.299999999999999807e-04,6.840000000000000377e-04,9.070000000000000371e-04,1.260000000000000052e-03
7.869999999999999189e-06,1.430378999999999934e+01,6.000000000000000000e+00,1.130000000000000023e-05,2.290000000000000098e-05,3.550000000000000231e-05,4.940000000000000136e-05,6.519999999999999917e-05,8.420000000000000021e-05,1.079999999999999960e-04,1.399999999999999877e-04,1.879999999999999890e-04,2.649999999999999903e-04
1.709999999999999891e-05,2.135349000000000075e+01,6.000000000000000000e+00,3.639999999999999708e-05,7.440000000000000595e-05,1.150000000000000035e-04,1.600000000000000131e-04,2.120000000000000031e-04,2.759999999999999867e-04,3.589999999999999984e-04,4.730000000000000046e-04,6.489999999999999459e-04,9.569999999999999514e-04
9.949999999999999603e-06,2.134528999999999854e+01,6.000000000000000000e+00,2.120000000000000031e-05,4.339999999999999782e-05,6.729999999999999600e-05,9.359999999999999831e-05,1.240000000000000054e-04,1.620000000000000075e-04,2.100000000000000087e-04,2.779999999999999811e-04,3.809999999999999910e-04,5.710000000000000015e-04
5.900000000000000262e-06,1.284179999999999922e+01,6.000000000000000000e+00,7.580000000000000271e-06,1.550000000000000068e-05,2.390000000000000157e-05,3.330000000000000305e-05,4.399999999999999886e-05,5.679999999999999828e-05,7.289999999999999660e-05,9.450000000000000663e-05,1.259999999999999998e-04,1.769999999999999926e-04
3.639999999999999708e-05,1.356451999999999991e+01,6.000000000000000000e+00,4.940000000000000136e-05,1.019999999999999992e-04,1.579999999999999916e-04,2.190000000000000106e-04,2.900000000000000017e-04,3.759999999999999779e-04,4.870000000000000197e-04,6.369999999999999794e-04,8.599999999999999789e-04,1.240000000000000000e-03
5.869999999999999703e-05,1.278958000000000084e+01,6.000000000000000000e+00,7.509999999999999586e-05,1.540000000000000028e-04,2.380000000000000117e-04,3.289999999999999739e-04,4.350000000000000026e-04,5.619999999999999996e-04,7.219999999999999855e-04,9.380000000000000317e-04,1.250000000000000026e-03,1.699999999999999905e-03
4.350000000000000026e-05,1.233858999999999995e+01,6.000000000000000000e+00,5.369999999999999746e-05,1.110000000000000011e-04,1.710000000000000094e-04,2.369999999999999874e-04,3.119999999999999944e-04,4.020000000000000136e-04,5.169999999999999899e-04,6.669999999999999497e-04,8.840000000000000201e-04,1.229999999999999974e-03
1.980000000000000016e-05,1.349745000000000061e+01,6.000000000000000000e+00,2.669999999999999847e-05,5.450000000000000336e-05,8.430000000000000264e-05,1.169999999999999979e-04,1.540000000000000028e-04,1.990000000000000124e-04,2.559999999999999884e-04,3.310000000000000225e-04,4.420000000000000101e-04,6.239999999999999887e-04
1.760000000000000090e-06,1.793991000000000113e+01,6.000000000000000000e+00,3.159999999999999815e-06,6.440000000000000174e-06,9.979999999999999315e-06,1.390000000000000075e-05,1.849999999999999906e-05,2.400000000000000061e-05,3.100000000000000135e-05,4.050000000000000187e-05,5.470000000000000144e-05,7.920000000000000065e-05
2.559999999999999884e-05,1.557837999999999923e+01,6.000000000000000000e+00,3.990000000000000084e-05,8.129999999999999749e-05,1.250000000000000026e-04,1.740000000000000010e-04,2.300000000000000070e-04,2.990000000000000036e-04,3.860000000000000041e-04,5.029999999999999749e-04,6.769999999999999759e-04,9.759999999999999796e-04
1.860000000000000149e-05,1.877258000000000138e+01,6.000000000000000000e+00,3.479999999999999885e-05,7.250000000000000043e-05,1.129999999999999955e-04,1.569999999999999944e-04,2.090000000000000115e-04,2.719999999999999979e-04,3.539999999999999853e-04,4.679999999999999915e-04,6.470000000000000057e-04,9.629999999999999888e-04
1.320000000000000067e-05,1.647509000000000157e+01,6.000000000000000000e+00,2.169999999999999891e-05,4.429999999999999937e-05,6.849999999999999806e-05,9.519999999999999654e-05,1.259999999999999998e-04,1.630000000000000047e-04,2.110000000000000059e-04,2.759999999999999867e-04,3.719999999999999891e-04,5.389999999999999826e-04
5.570000000000000034e-06,1.956082999999999927e+01,6.000000000000000000e+00,1.090000000000000067e-05,2.220000000000000090e-05,3.449999999999999833e-05,4.789999999999999879e-05,6.349999999999999850e-05,8.229999999999999469e-05,1.060000000000000016e-04,1.389999999999999905e-04,1.879999999999999890e-04,2.739999999999999923e-04
1.559999999999999972e-05,1.379832000000000036e+01,6.000000000000000000e+00,2.150000000000000083e-05,4.380000000000000077e-05,6.770000000000000572e-05,9.399999999999999448e-05,1.240000000000000054e-04,1.600000000000000131e-04,2.059999999999999928e-04,2.669999999999999847e-04,3.559999999999999797e-04,5.029999999999999749e-04
7.320000000000000389e-05,1.164724999999999966e+01,6.000000000000000000e+00,8.519999999999999742e-05,1.749999999999999982e-04,2.689999999999999791e-04,3.730000000000000134e-04,4.910000000000000085e-04,6.329999999999999906e-04,8.130000000000000291e-04,1.049999999999999935e-03,1.389999999999999960e-03,1.869999999999999917e-03
3.019999999999999885e-05,1.792019000000000162e+01,6.000000000000000000e+00,5.399999999999999798e-05,1.119999999999999983e-04,1.730000000000000038e-04,2.410000000000000033e-04,3.200000000000000262e-04,4.159999999999999744e-04,5.429999999999999714e-04,7.169999999999999724e-04,9.820000000000000170e-04,1.410000000000000012e-03
4.000000000000000327e-05,1.420861000000000018e+01,6.000000000000000000e+00,5.690000000000000071e-05,1.169999999999999979e-04,1.810000000000000085e-04,2.509999999999999753e-04,3.319999999999999926e-04,4.290000000000000193e-04,5.540000000000000219e-04,7.209999999999999612e-04,9.669999999999999776e-04,1.360000000000000098e-03
9.399999999999999786e-06,1.235665999999999976e+01,6.000000000000000000e+00,1.160000000000000075e-05,2.370000000000000009e-05,3.660000000000000194e-05,5.089999999999999717e-05,6.710000000000000469e-05,8.660000000000000434e-05,1.110000000000000011e-04,1.440000000000000036e-04,1.910000000000000077e-04,2.660000000000000146e-04
4.660000000000000107e-05,1.164302999999999955e+01,6.000000000000000000e+00,5.420000000000000284e-05,1.119999999999999983e-04,1.730000000000000038e-04,2.390000000000000089e-04,3.139999999999999888e-04,4.049999999999999781e-04,5.190000000000000386e-04,6.700000000000000226e-04,8.850000000000000444e-04,1.229999999999999974e-03
2.330000000000000138e-06,2.040191000000000088e+01,6.000000000000000000e+00,4.750000000000000262e-06,9.700000000000000302e-06,1.509999999999999942e-05,2.099999999999999884e-05,2.799999999999999958e-05,3.630000000000000143e-05,4.709999999999999967e-05,6.200000000000000270e-05,8.469999999999999881e-05,1.250000000000000026e-04
1.069999999999999920e-05,1.761781999999999826e+01,6.000000000000000000e+00,1.879999999999999957e-05,3.850000000000000069e-05,5.959999999999999857e-05,8.289999999999999572e-05,1.100000000000000039e-04,1.420000000000000092e-04,1.840000000000000001e-04,2.400000000000000061e-04,3.260000000000000094e-04,4.739999999999999747e-04
5.859999999999999798e-06,1.347854000000000063e+01,6.000000000000000000e+00,7.900000000000000595e-06,1.609999999999999832e-05,2.489999999999999877e-05,3.479999999999999885e-05,4.600000000000000004e-05,5.950000000000000292e-05,7.650000000000000279e-05,9.950000000000000619e-05,1.330000000000000073e-04,1.890000000000000133e-04
5.470000000000000144e-06,1.419293000000000049e+01,6.000000000000000000e+00,7.760000000000000242e-06,1.580000000000000119e-05,2.440000000000000017e-05,3.389999999999999730e-05,4.479999999999999797e-05,5.780000000000000225e-05,7.409999999999999866e-05,9.590000000000000000e-05,1.269999999999999970e-04,1.779999999999999898e-04
2.460000000000000164e-05,1.428172999999999959e+01,6.000000000000000000e+00,3.509999999999999936e-05,7.299999999999999903e-05,1.129999999999999955e-04,1.569999999999999944e-04,2.079999999999999872e-04,2.689999999999999791e-04,3.469999999999999777e-04,4.530000000000000064e-04,6.080000000000000335e-04,8.720000000000000537e-04
4.339999999999999782e-05,1.311956999999999951e+01,6.000000000000000000e+00,5.690000000000000071e-05,1.169999999999999979e-04,1.810000000000000085e-04,2.509999999999999753e-04,3.319999999999999926e-04,4.299999999999999894e-04,5.550000000000000462e-04,7.219999999999999855e-04,9.690000000000000262e-04,1.360000000000000098e-03
3.319999999999999977e-06,1.660412000000000177e+01,6.000000000000000000e+00,5.509999999999999761e-06,1.119999999999999949e-05,1.739999999999999942e-05,2.430000000000000112e-05,3.219999999999999664e-05,4.169999999999999716e-05,5.379999999999999989e-05,7.019999999999999873e-05,9.450000000000000663e-05,1.359999999999999989e-04
1.749999999999999847e-05,1.510870000000000068e+01,6.000000000000000000e+00,2.650000000000000039e-05,5.390000000000000233e-05,8.330000000000000544e-05,1.160000000000000007e-04,1.520000000000000084e-04,1.969999999999999909e-04,2.539999999999999940e-04,3.289999999999999739e-04,4.409999999999999858e-04,6.269999999999999532e-04
3.800000000000000040e-06,1.366953999999999958e+01,6.000000000000000000e+00,5.200000000000000188e-06,1.060000000000000016e-05,1.639999999999999883e-05,2.279999999999999854e-05,3.019999999999999885e-05,3.899999999999999929e-05,5.009999999999999805e-05,6.490000000000000543e-05,8.629999999999999705e-05,1.210000000000000002e-04
5.969999999999999592e-06,1.565832999999999942e+01,6.000000000000000000e+00,9.350000000000000265e-06,1.900000000000000105e-05,2.939999999999999973e-05,4.100000000000000047e-05,5.420000000000000284e-05,6.999999999999999387e-05,9.000000000000000567e-05,1.169999999999999979e-04,1.559999999999999972e-04,2.220000000000000022e-04
5.050000000000000100e-05,1.495879000000000048e+01,6.000000000000000000e+00,7.550000000000000558e-05,1.550000000000000000e-04,2.400000000000000061e-04,3.339999999999999870e-04,4.420000000000000101e-04,5.749999999999999903e-04,7.460000000000000268e-04,9.820000000000000170e-04,1.309999999999999967e-03,1.840000000000000056e-03
3.149999999999999910e-06,1.560515999999999970e+01,6.000000000000000000e+00,4.920000000000000328e-06,1.009999999999999986e-05,1.550000000000000068e-05,2.159999999999999987e-05,2.869999999999999965e-05,3.710000000000000054e-05,4.789999999999999879e-05,6.229999999999999644e-05,8.370000000000000161e-05,1.200000000000000030e-04
6.659999999999999762e-06,2.092732000000000170e+01,6.000000000000000000e+00,1.390000000000000075e-05,2.850000000000000157e-05,4.419999999999999694e-05,6.160000000000000653e-05,8.179999999999999609e-05,1.069999999999999988e-04,1.389999999999999905e-04,1.830000000000000029e-04,2.509999999999999753e-04,3.770000000000000022e-04
9.170000000000000294e-06,1.357895000000000074e+01,6.000000000000000000e+00,1.250000000000000060e-05,2.540000000000000076e-05,3.929999999999999981e-05,5.459999999999999901e-05,7.210000000000000425e-05,9.289999999999999484e-05,1.200000000000000030e-04,1.550000000000000000e-04,2.069999999999999900e-04,2.919999999999999961e-04
1.919999999999999913e-05,1.265471999999999930e+01,6.000000000000000000e+00,2.419999999999999869e-05,4.940000000000000136e-05,7.650000000000000279e-05,1.060000000000000016e-04,1.399999999999999877e-04,1.810000000000000085e-04,2.320000000000000014e-04,3.009999999999999980e-04,4.029999999999999837e-04,5.659999999999999884e-04
8.149999999999999896e-06,1.547657000000000060e+01,6.000000000000000000e+00,1.259999999999999964e-05,2.570000000000000127e-05,3.990000000000000084e-05,5.520000000000000004e-05,7.360000000000000006e-05,9.529999999999999897e-05,1.230000000000000082e-04,1.610000000000000103e-04,2.169999999999999891e-04,3.139999999999999888e-04
5.079999999999999643e-06,2.128614999999999924e+01,6.000000000000000000e+00,1.079999999999999993e-05,2.209999999999999847e-05,3.419999999999999782e-05,4.770000000000000070e-05,6.339999999999999607e-05,8.249999999999999955e-05,1.069999999999999988e-04,1.410000000000000120e-04,1.939999999999999993e-04,2.889999999999999774e-04
5.759999999999999909e-06,1.632214000000000098e+01,6.000000000000000000e+00,9.409999999999999691e-06,1.919999999999999913e-05,2.970000000000000024e-05,4.130000000000000099e-05,5.470000000000000144e-05,7.069999999999999733e-05,9.110000000000000530e-05,1.190000000000000058e-04,1.589999999999999888e-04,2.280000000000000126e-04
3.779999999999999723e-05,1.547495999999999938e+01,6.000000000000000000e+00,5.840000000000000329e-05,1.200000000000000030e-04,1.859999999999999945e-04,2.579999999999999828e-04,3.420000000000000188e-04,4.429999999999999802e-04,5.730000000000000501e-04,7.500000000000000156e-04,1.010000000000000047e-03,1.420000000000000038e-03
5.579999999999999938e-06,1.720397000000000176e+01,6.000000000000000000e+00,9.599999999999999566e-06,1.959999999999999869e-05,3.030000000000000128e-05,4.229999999999999819e-05,5.610000000000000159e-05,7.270000000000000529e-05,9.399999999999999448e-05,1.230000000000000082e-04,1.659999999999999963e-04,2.420000000000000005e-04
1.279999999999999942e-05,2.081632000000000104e+01,6.000000000000000000e+00,2.659999999999999943e-05,5.420000000000000284e-05,8.380000000000000404e-05,1.169999999999999979e-04,1.540000000000000028e-04,2.010000000000000068e-04,2.599999999999999772e-04,3.409999999999999945e-04,4.650000000000000270e-04,6.859999999999999779e-04
1.450000000000000009e-05,2.192335999999999885e+01,6.000000000000000000e+00,3.180000000000000047e-05,6.509999999999999674e-05,1.000000000000000048e-04,1.399999999999999877e-04,1.869999999999999917e-04,2.429999999999999977e-04,3.159999999999999832e-04,4.189999999999999931e-04,5.779999999999999548e-04,8.689999999999999808e-04
2.969999999999999940e-06,1.361952999999999925e+01,6.000000000000000000e+00,4.050000000000000187e-06,8.250000000000000633e-06,1.279999999999999942e-05,1.779999999999999898e-05,2.360000000000000105e-05,3.059999999999999840e-05,3.940000000000000224e-05,5.119999999999999768e-05,6.860000000000000050e-05,9.739999999999999580e-05
3.169999999999999804e-05,1.766888000000000147e+01,6.000000000000000000e+00,5.599999999999999916e-05,1.160000000000000007e-04,1.789999999999999870e-04,2.489999999999999809e-04,3.289999999999999739e-04,4.270000000000000249e-04,5.540000000000000219e-04,7.249999999999999500e-04,9.820000000000000170e-04,1.379999999999999933e-03
1.020000000000000060e-05,2.027624000000000137e+01,6.000000000000000000e+00,2.069999999999999832e-05,4.229999999999999819e-05,6.550000000000000646e-05,9.100000000000000287e-05,1.210000000000000002e-04,1.569999999999999944e-04,2.020000000000000040e-04,2.649999999999999903e-04,3.609999999999999928e-04,5.289999999999999564e-04
6.620000000000000145e-06,1.392725000000000080e+01,6.000000000000000000e+00,9.219999999999999816e-06,1.879999999999999957e-05,2.909999999999999921e-05,4.050000000000000187e-05,5.360000000000000181e-05,6.940000000000000639e-05,8.940000000000000464e-05,1.160000000000000007e-04,1.559999999999999972e-04,2.229999999999999994e-04
4.369999999999999665e-06,1.569734000000000052e+01,6.000000000000000000e+00,6.849999999999999637e-06,1.399999999999999979e-05,2.159999999999999987e-05,3.009999999999999980e-05,3.979999999999999841e-05,5.140000000000000254e-05,6.609999999999999394e-05,8.590000000000000088e-05,1.150000000000000035e-04,1.630000000000000047e-04
3.499999999999999693e-05,1.803507000000000104e+01,6.000000000000000000e+00,6.310000000000000233e-05,1.299999999999999886e-04,2.010000000000000068e-04,2.799999999999999755e-04,3.730000000000000134e-04,4.850000000000000253e-04,6.319999999999999663e-04,8.199999999999999824e-04,1.110000000000000092e-03,1.639999999999999965e-03
1.309999999999999994e-05,1.301468999999999987e+01,6.000000000000000000e+00,1.709999999999999891e-05,3.479999999999999885e-05,5.379999999999999989e-05,7.459999999999999726e-05,9.840000000000000656e-05,1.269999999999999970e-04,1.630000000000000047e-04,2.100000000000000087e-04,2.790000000000000054e-04,3.899999999999999929e-04
2.599999999999999840e-05,1.463083999999999918e+01,6.000000000000000000e+00,3.809999999999999775e-05,7.899999999999999579e-05,1.219999999999999974e-04,1.700000000000000122e-04,2.249999999999999938e-04,2.919999999999999961e-04,3.780000000000000265e-04,4.939999999999999730e-04,6.679999999999999740e-04,9.700000000000000505e-04
4.220000000000000254e-05,1.654197999999999880e+01,6.000000000000000000e+00,6.980000000000000256e-05,1.440000000000000036e-04,2.220000000000000022e-04,3.080000000000000055e-04,4.070000000000000267e-04,5.289999999999999564e-04,6.840000000000000377e-04,8.959999999999999866e-04,1.170000000000000033e-03,1.670000000000000043e-03
3.430000000000000194e-06,1.936512000000000100e+01,6.000000000000000000e+00,6.630000000000000049e-06,1.349999999999999949e-05,2.099999999999999884e-05,2.930000000000000069e-05,3.889999999999999686e-05,5.050000000000000100e-05,6.530000000000000160e-05,8.579999999999999845e-05,1.169999999999999979e-04,1.710000000000000094e-04
8.499999999999999933e-06,1.688078000000000145e+01,6.000000000000000000e+00,1.430000000000000031e-05,2.930000000000000069e-05,4.520000000000000092e-05,6.289999999999999747e-05,8.310000000000000058e-05,1.079999999999999960e-04,1.389999999999999905e-04,1.810000000000000085e-04,2.439999999999999949e-04,3.490000000000000263e-04
1.049999999999999942e-05,1.457666000000000039e+01,6.000000000000000000e+00,1.529999999999999920e-05,3.109999999999999700e-05,4.819999999999999930e-05,6.689999999999999983e-05,8.839999999999999388e-05,1.140000000000000063e-04,1.469999999999999953e-04,1.910000000000000077e-04,2.559999999999999884e-04,3.629999999999999872e-04
1.550000000000000068e-05,1.247733999999999988e+01,6.000000000000000000e+00,1.930000000000000156e-05,3.949999999999999789e-05,6.109999999999999438e-05,8.480000000000000124e-05,1.119999999999999983e-04,1.440000000000000036e-04,1.859999999999999945e-04,2.410000000000000033e-04,3.200000000000000262e-04,4.510000000000000120e-04
5.859999999999999798e-06,1.977749999999999986e+01,6.000000000000000000e+00,1.160000000000000075e-05,2.339999999999999958e-05,3.649999999999999951e-05,5.089999999999999717e-05,6.750000000000000086e-05,8.770000000000000397e-05,1.140000000000000063e-04,1.489999999999999897e-04,2.039999999999999984e-04,2.990000000000000036e-04
5.869999999999999703e-05,1.333159000000000027e+01,6.000000000000000000e+00,7.830000000000000588e-05,1.610000000000000103e-04,2.480000000000000108e-04,3.440000000000000132e-04,4.539999999999999765e-04,5.869999999999999567e-04,7.560000000000000530e-04,9.849999999999999815e-04,1.309999999999999967e-03,1.789999999999999925e-03
3.470000000000000319e-05,1.308708000000000027e+01,6.000000000000000000e+00,4.539999999999999900e-05,9.380000000000000317e-05,1.450000000000000009e-04,2.010000000000000068e-04,2.660000000000000146e-04,3.429999999999999889e-04,4.409999999999999858e-04,5.720000000000000258e-04,7.649999999999999465e-04,1.080000000000000014e-03
1.790000000000000141e-05,1.381413000000000046e+01,6.000000000000000000e+00,2.470000000000000068e-05,5.050000000000000100e-05,7.820000000000000345e-05,1.090000000000000067e-04,1.430000000000000064e-04,1.859999999999999945e-04,2.400000000000000061e-04,3.119999999999999944e-04,4.200000000000000174e-04,6.019999999999999961e-04
2.900000000000000017e-05,1.611298999999999992e+01,6.000000000000000000e+00,4.669999999999999672e-05,9.660000000000000346e-05,1.499999999999999869e-04,2.079999999999999872e-04,2.759999999999999867e-04,3.589999999999999984e-04,4.659999999999999971e-04,6.139999999999999625e-04,8.369999999999999619e-04,1.209999999999999921e-03
1.889999999999999862e-05,1.300750000000000028e+01,6.000000000000000000e+00,2.460000000000000164e-05,5.020000000000000048e-05,7.760000000000000242e-05,1.079999999999999960e-04,1.420000000000000092e-04,1.830000000000000029e-04,2.359999999999999902e-04,3.049999999999999868e-04,4.070000000000000267e-04,5.730000000000000501e-04
4.950000000000000041e-06,1.869275000000000020e+01,6.000000000000000000e+00,9.249999999999999528e-06,1.889999999999999862e-05,2.930000000000000069e-05,4.089999999999999804e-05,5.420000000000000284e-05,7.040000000000000359e-05,9.110000000000000530e-05,1.200000000000000030e-04,1.630000000000000047e-04,2.390000000000000089e-04
8.480000000000000124e-06,1.463972000000000051e+01,6.000000000000000000e+00,1.239999999999999986e-05,2.540000000000000076e-05,3.929999999999999981e-05,5.479999999999999710e-05,7.250000000000000043e-05,9.390000000000000560e-05,1.210000000000000002e-04,1.579999999999999916e-04,2.130000000000000003e-04,3.080000000000000055e-04
5.920000000000000071e-06,1.234562999999999988e+01,6.000000000000000000e+00,7.310000000000000315e-06,1.489999999999999964e-05,2.300000000000000002e-05,3.210000000000000098e-05,4.240000000000000062e-05,5.479999999999999710e-05,7.030000000000000116e-05,9.110000000000000530e-05,1.210000000000000002e-04,1.700000000000000122e-04
4.199999999999999768e-05,1.402319999999999922e+01,6.000000000000000000e+00,5.890000000000000189e-05,1.210000000000000002e-04,1.869999999999999917e-04,2.590000000000000071e-04,3.429999999999999889e-04,4.429999999999999802e-04,5.699999999999999772e-04,7.399999999999999894e-04,9.890000000000000787e-04,1.369999999999999907e-03
1.290000000000000016e-05,2.004113999999999862e+01,6.000000000000000000e+00,2.580000000000000031e-05,5.270000000000000026e-05,8.150000000000000235e-05,1.129999999999999955e-04,1.499999999999999869e-04,1.949999999999999965e-04,2.519999999999999996e-04,3.299999999999999982e-04,4.490000000000000176e-04,6.589999999999999721e-04
2.510000000000000024e-05,1.849213999999999913e+01,6.000000000000000000e+00,4.649999999999999864e-05,9.480000000000000037e-05,1.459999999999999981e-04,2.030000000000000012e-04,2.689999999999999791e-04,3.490000000000000263e-04,4.519999999999999821e-04,5.910000000000000539e-04,8.050000000000000515e-04,1.149999999999999981e-03
2.920000000000000164e-05,1.785464999999999947e+01,6.000000000000000000e+00,5.209999999999999923e-05,1.079999999999999960e-04,1.659999999999999963e-04,2.310000000000000042e-04,3.069999999999999812e-04,3.989999999999999949e-04,5.180000000000000143e-04,6.809999999999999647e-04,9.280000000000000054e-04,1.319999999999999993e-03
9.480000000000000715e-06,1.440421000000000085e+01,6.000000000000000000e+00,1.369999999999999927e-05,2.780000000000000149e-05,4.300000000000000165e-05,5.970000000000000100e-05,7.880000000000000448e-05,1.010000000000000020e-04,1.310000000000000129e-04,1.689999999999999879e-04,2.259999999999999910e-04,3.159999999999999832e-04
1.480000000000000018e-06,2.056779999999999831e+01,6.000000000000000000e+00,3.050000000000000021e-06,6.219999999999999740e-06,9.639999999999999183e-06,1.349999999999999949e-05,1.790000000000000141e-05,2.330000000000000053e-05,3.009999999999999980e-05,3.949999999999999789e-05,5.349999999999999938e-05,7.830000000000000588e-05
1.279999999999999942e-05,1.902324000000000126e+01,6.000000000000000000e+00,2.440000000000000017e-05,4.989999999999999997e-05,7.729999999999999513e-05,1.079999999999999960e-04,1.430000000000000064e-04,1.859999999999999945e-04,2.410000000000000033e-04,3.179999999999999776e-04,4.360000000000000269e-04,6.499999999999999702e-04
3.119999999999999944e-05,1.638898000000000010e+01,6.000000000000000000e+00,5.110000000000000203e-05,1.060000000000000016e-04,1.630000000000000047e-04,2.269999999999999882e-04,3.009999999999999980e-04,3.910000000000000172e-04,5.069999999999999637e-04,6.650000000000000095e-04,9.039999999999999642e-04,1.289999999999999914e-03
8.260000000000000537e-06,1.315665000000000084e+01,6.000000000000000000e+00,1.090000000000000067e-05,2.220000000000000090e-05,3.419999999999999782e-05,4.780000000000000313e-05,6.320000000000000476e-05,8.169999999999999366e-05,1.050000000000000044e-04,1.369999999999999961e-04,1.830000000000000029e-04,2.599999999999999772e-04
1.419999999999999957e-05,1.442130000000000045e+01,6.000000000000000000e+00,2.050000000000000024e-05,4.179999999999999959e-05,6.470000000000000057e-05,8.990000000000000324e-05,1.190000000000000058e-04,1.540000000000000028e-04,1.979999999999999881e-04,2.579999999999999828e-04,3.469999999999999777e-04,4.960000000000000216e-04
5.970000000000000100e-05,1.355296000000000056e+01,6.000000000000000000e+00,8.090000000000000132e-05,1.659999999999999963e-04,2.559999999999999884e-04,3.550000000000000096e-04,4.690000000000000158e-04,6.070000000000000092e-04,7.829999999999999504e-04,1.020000000000000073e-03,1.350000000000000071e-03,1.850000000000000082e-03
9.330000000000000457e-06,1.299557000000000073e+01,6.000000000000000000e+00,1.209999999999999935e-05,2.479999999999999972e-05,3.830000000000000261e-05,5.339999999999999695e-05,7.059999999999999490e-05,9.119999999999999418e-05,1.169999999999999979e-04,1.530000000000000056e-04,2.049999999999999956e-04,2.910000000000000260e-04
2.089999999999999895e-06,1.931467999999999918e+01,6.000000000000000000e+00,4.040000000000000283e-06,8.240000000000000728e-06,1.279999999999999942e-05,1.790000000000000141e-05,2.379999999999999913e-05,3.089999999999999892e-05,4.000000000000000327e-05,5.259999999999999783e-05,7.169999999999999453e-05,1.060000000000000016e-04
1.669999999999999935e-05,1.238180000000000014e+01,6.000000000000000000e+00,2.069999999999999832e-05,4.220000000000000254e-05,6.530000000000000160e-05,9.060000000000000670e-05,1.190000000000000058e-04,1.540000000000000028e-04,1.979999999999999881e-04,2.570000000000000127e-04,3.420000000000000188e-04,4.809999999999999823e-04
7.920000000000000404e-06,1.345631999999999984e+01,6.000000000000000000e+00,1.069999999999999920e-05,2.169999999999999891e-05,3.350000000000000113e-05,4.660000000000000107e-05,6.150000000000000410e-05,7.930000000000000308e-05,1.019999999999999992e-04,1.310000000000000129e-04,1.740000000000000010e-04,2.429999999999999977e-04
3.529999999999999745e-05,1.803519000000000005e+01,6.000000000000000000e+00,6.370000000000000336e-05,1.310000000000000129e-04,2.030000000000000012e-04,2.829999999999999942e-04,3.750000000000000078e-04,4.889999999999999599e-04,6.359999999999999551e-04,8.379999999999999862e-04,1.129999999999999928e-03,1.610000000000000103e-03
2.920000000000000164e-05,1.582320999999999955e+01,6.000000000000000000e+00,4.619999999999999812e-05,9.569999999999999514e-05,1.479999999999999925e-04,2.059999999999999928e-04,2.730000000000000222e-04,3.539999999999999853e-04,4.569999999999999952e-04,5.990000000000000316e-04,8.109999999999999805e-04,1.170000000000000033e-03
2.830000000000000010e-06,1.927852000000000032e+01,6.000000000000000000e+00,5.460000000000000240e-06,1.110000000000000045e-05,1.720000000000000134e-05,2.400000000000000061e-05,3.180000000000000047e-05,4.130000000000000099e-05,5.330000000000000129e-05,6.959999999999999770e-05,9.390000000000000560e-05,1.359999999999999989e-04
2.050000000000000024e-05,1.568224000000000018e+01,6.000000000000000000e+00,3.219999999999999664e-05,6.719999999999999357e-05,1.039999999999999936e-04,1.450000000000000009e-04,1.920000000000000049e-04,2.489999999999999809e-04,3.220000000000000206e-04,4.220000000000000118e-04,5.720000000000000258e-04,8.329999999999999731e-04
2.529999999999999833e-05,1.343337999999999965e+01,6.000000000000000000e+00,3.399999999999999973e-05,7.069999999999999733e-05,1.090000000000000067e-04,1.520000000000000084e-04,2.020000000000000040e-04,2.610000000000000015e-04,3.370000000000000057e-04,4.400000000000000157e-04,5.919999999999999698e-04,8.559999999999999901e-04
4.310000000000000239e-06,1.224778000000000056e+01,6.000000000000000000e+00,5.270000000000000365e-06,1.069999999999999920e-05,1.660000000000000031e-05,2.300000000000000002e-05,3.040000000000000032e-05,3.919999999999999738e-05,5.009999999999999805e-05,6.459999999999999814e-05,8.509999999999999498e-05,1.169999999999999979e-04
6.260000000000000204e-06,1.975549000000000177e+01,6.000000000000000000e+00,1.239999999999999986e-05,2.529999999999999833e-05,3.919999999999999738e-05,5.459999999999999901e-05,7.239999999999999799e-05,9.419999999999999934e-05,1.219999999999999974e-04,1.600000000000000131e-04,2.200000000000000078e-04,3.249999999999999851e-04
6.700000000000000226e-06,1.971629000000000076e+01,6.000000000000000000e+00,1.320000000000000067e-05,2.689999999999999995e-05,4.179999999999999959e-05,5.810000000000000277e-05,7.700000000000000139e-05,1.000000000000000048e-04,1.289999999999999914e-04,1.689999999999999879e-04,2.310000000000000042e-04,3.379999999999999758e-04
6.639999999999999954e-06,1.163423000000000052e+01,6.000000000000000000e+00,7.730000000000000529e-06,1.569999999999999876e-05,2.419999999999999869e-05,3.359999999999999679e-05,4.429999999999999937e-05,5.700000000000000314e-05,7.279999999999999416e-05,9.359999999999999831e-05,1.230000000000000082e-04,1.679999999999999907e-04
1.940000000000000060e-05,1.470837000000000039e+01,6.000000000000000000e+00,2.860000000000000061e-05,5.830000000000000086e-05,9.009999999999999455e-05,1.250000000000000026e-04,1.649999999999999991e-04,2.139999999999999975e-04,2.759999999999999867e-04,3.609999999999999928e-04,4.850000000000000253e-04,6.980000000000000527e-04
4.009999999999999723e-06,1.471195999999999948e+01,6.000000000000000000e+00,5.900000000000000262e-06,1.169999999999999979e-05,1.819999999999999854e-05,2.529999999999999833e-05,3.350000000000000113e-05,4.339999999999999782e-05,5.580000000000000107e-05,7.260000000000000286e-05,9.720000000000000450e-05,1.379999999999999933e-04
4.830000000000000173e-05,1.253026999999999980e+01,6.000000000000000000e+00,6.050000000000000012e-05,1.240000000000000054e-04,1.930000000000000021e-04,2.680000000000000090e-04,3.539999999999999853e-04,4.580000000000000195e-04,5.919999999999999698e-04,7.730000000000000326e-04,1.039999999999999909e-03,1.469999999999999953e-03
8.120000000000000183e-06,2.133067000000000135e+01,6.000000000000000000e+00,1.730000000000000038e-05,3.539999999999999988e-05,5.489999999999999953e-05,7.640000000000000035e-05,1.010000000000000020e-04,1.320000000000000101e-04,1.720000000000000066e-04,2.269999999999999882e-04,3.110000000000000243e-04,4.659999999999999971e-04
1.639999999999999883e-05,1.961591999999999913e+01,6.000000000000000000e+00,3.210000000000000098e-05,6.559999999999999534e-05,1.010000000000000020e-04,1.410000000000000120e-04,1.869999999999999917e-04,2.429999999999999977e-04,3.159999999999999832e-04,4.150000000000000043e-04,5.680000000000000370e-04,8.440000000000000236e-04
1.709999999999999891e-05,1.351782000000000039e+01,6.000000000000000000e+00,2.309999999999999906e-05,4.720000000000000210e-05,7.299999999999999903e-05,1.010000000000000020e-04,1.340000000000000045e-04,1.730000000000000038e-04,2.229999999999999994e-04,2.900000000000000017e-04,3.869999999999999742e-04,5.509999999999999490e-04
1.739999999999999942e-05,1.832692000000000121e+01,6.000000000000000000e+00,3.190000000000000290e-05,6.509999999999999674e-05,1.010000000000000020e-04,1.399999999999999877e-04,1.859999999999999945e-04,2.410000000000000033e-04,3.130000000000000187e-04,4.110000000000000155e-04,5.619999999999999996e-04,8.319999999999999488e-04
3.550000000000000231e-05,1.781195999999999913e+01,6.000000000000000000e+00,6.329999999999999364e-05,1.299999999999999886e-04,2.010000000000000068e-04,2.799999999999999755e-04,3.710000000000000190e-04,4.829999999999999767e-04,6.269999999999999532e-04,8.130000000000000291e-04,1.090000000000000040e-03,1.580000000000000024e-03
3.109999999999999700e-05,1.534533000000000058e+01,6.000000000000000000e+00,4.770000000000000070e-05,9.870000000000000030e-05,1.530000000000000056e-04,2.120000000000000031e-04,2.799999999999999755e-04,3.629999999999999872e-04,4.690000000000000158e-04,6.109999999999999980e-04,8.210000000000000067e-04,1.170000000000000033e-03
1.999999999999999909e-06,2.015977000000000174e+01,6.000000000000000000e+00,4.040000000000000283e-06,8.240000000000000728e-06,1.279999999999999942e-05,1.790000000000000141e-05,2.379999999999999913e-05,3.089999999999999892e-05,4.000000000000000327e-05,5.270000000000000026e-05,7.179999999999999696e-05,1.060000000000000016e-04
5.530000000000000417e-06,1.368192999999999948e+01,6.000000000000000000e+00,7.570000000000000367e-06,1.540000000000000163e-05,2.390000000000000157e-05,3.330000000000000305e-05,4.410000000000000129e-05,5.700000000000000314e-05,7.330000000000000632e-05,9.529999999999999897e-05,1.279999999999999942e-04,1.810000000000000085e-04
1.769999999999999994e-05,1.813607999999999976e+01,6.000000000000000000e+00,3.219999999999999664e-05,6.559999999999999534e-05,1.010000000000000020e-04,1.410000000000000120e-04,1.859999999999999945e-04,2.410000000000000033e-04,3.119999999999999944e-04,4.079999999999999968e-04,5.519999999999999733e-04,8.030000000000000028e-04
1.169999999999999979e-05,1.480486999999999931e+01,6.000000000000000000e+00,1.730000000000000038e-05,3.470000000000000319e-05,5.459999999999999901e-05,7.579999999999999932e-05,1.000000000000000048e-04,1.289999999999999914e-04,1.659999999999999963e-04,2.159999999999999919e-04,2.889999999999999774e-04,4.099999999999999912e-04
3.779999999999999808e-06,1.748891000000000062e+01,6.000000000000000000e+00,6.610000000000000241e-06,1.349999999999999949e-05,2.089999999999999980e-05,2.920000000000000164e-05,3.880000000000000121e-05,5.039999999999999857e-05,6.519999999999999917e-05,8.559999999999999359e-05,1.160000000000000007e-04,1.700000000000000122e-04
4.590000000000000099e-06,1.420303999999999967e+01,6.000000000000000000e+00,6.520000000000000256e-06,1.329999999999999972e-05,2.059999999999999928e-05,2.869999999999999965e-05,3.809999999999999775e-05,4.929999999999999893e-05,6.360000000000000093e-05,8.289999999999999572e-05,1.110000000000000011e-04,1.600000000000000131e-04
3.289999999999999841e-06,1.488917000000000002e+01,6.000000000000000000e+00,4.899999999999999672e-06,9.989999999999999220e-06,1.550000000000000068e-05,2.150000000000000083e-05,2.860000000000000061e-05,3.699999999999999811e-05,4.759999999999999827e-05,6.190000000000000027e-05,8.289999999999999572e-05,1.179999999999999951e-04
3.419999999999999782e-05,1.365873000000000026e+01,6.000000000000000000e+00,4.669999999999999672e-05,9.650000000000000103e-05,1.489999999999999897e-04,2.069999999999999900e-04,2.730000000000000222e-04,3.530000000000000152e-04,4.550000000000000008e-04,5.910000000000000539e-04,7.919999999999999523e-04,1.119999999999999902e-03
6.150000000000000410e-06,1.905826000000000064e+01,6.000000000000000000e+00,1.169999999999999979e-05,2.390000000000000157e-05,3.699999999999999811e-05,5.149999999999999820e-05,6.820000000000000433e-05,8.839999999999999388e-05,1.140000000000000063e-04,1.489999999999999897e-04,2.020000000000000040e-04,2.930000000000000204e-04
4.220000000000000254e-05,1.416599000000000075e+01,6.000000000000000000e+00,5.979999999999999666e-05,1.230000000000000082e-04,1.900000000000000105e-04,2.640000000000000202e-04,3.499999999999999964e-04,4.530000000000000064e-04,5.860000000000000408e-04,7.659999999999999708e-04,1.030000000000000100e-03,1.449999999999999900e-03
8.169999999999999704e-06,2.199778999999999840e+01,6.000000000000000000e+00,1.800000000000000046e-05,3.669999999999999760e-05,5.700000000000000314e-05,7.930000000000000308e-05,1.050000000000000044e-04,1.369999999999999961e-04,1.779999999999999898e-04,2.349999999999999930e-04,3.229999999999999907e-04,4.840000000000000010e-04
1.870000000000000053e-05,1.538509999999999955e+01,6.000000000000000000e+00,2.869999999999999965e-05,5.860000000000000137e-05,9.060000000000000670e-05,1.259999999999999998e-04,1.659999999999999963e-04,2.149999999999999947e-04,2.770000000000000110e-04,3.609999999999999928e-04,4.870000000000000197e-04,6.980000000000000527e-04
7.999999999999999638e-06,1.867117000000000004e+01,6.000000000000000000e+00,1.489999999999999964e-05,3.049999999999999936e-05,4.720000000000000210e-05,6.569999999999999777e-05,8.700000000000000051e-05,1.129999999999999955e-04,1.459999999999999981e-04,1.910000000000000077e-04,2.599999999999999772e-04,3.789999999999999966e-04
1.279999999999999942e-05,1.752599000000000018e+01,6.000000000000000000e+00,2.250000000000000142e-05,4.589999999999999761e-05,7.090000000000000219e-05,9.840000000000000656e-05,1.299999999999999886e-04,1.689999999999999879e-04,2.180000000000000134e-04,2.840000000000000185e-04,3.840000000000000097e-04,5.529999999999999976e-04
3.680000000000000003e-05,1.457831999999999972e+01,6.000000000000000000e+00,5.369999999999999746e-05,1.110000000000000011e-04,1.710000000000000094e-04,2.380000000000000117e-04,3.139999999999999888e-04,4.070000000000000267e-04,5.249999999999999676e-04,6.830000000000000134e-04,9.169999999999999549e-04,1.289999999999999914e-03
8.519999999999999742e-06,1.794131000000000142e+01,6.000000000000000000e+00,1.529999999999999920e-05,3.119999999999999944e-05,4.819999999999999930e-05,6.700000000000000226e-05,8.870000000000000117e-05,1.150000000000000035e-04,1.479999999999999925e-04,1.939999999999999993e-04,2.620000000000000258e-04,3.780000000000000265e-04
3.180000000000000047e-06,2.096944999999999837e+01,6.000000000000000000e+00,6.669999999999999666e-06,1.360000000000000023e-05,2.110000000000000127e-05,2.949999999999999877e-05,3.919999999999999738e-05,5.099999999999999960e-05,6.619999999999999637e-05,8.729999999999999425e-05,1.190000000000000058e-04,1.769999999999999926e-04
2.290000000000000098e-06,1.524857000000000085e+01,6.000000000000000000e+00,3.499999999999999947e-06,7.130000000000000344e-06,1.099999999999999971e-05,1.540000000000000163e-05,2.040000000000000119e-05,2.629999999999999892e-05,3.389999999999999730e-05,4.410000000000000129e-05,5.890000000000000189e-05,8.370000000000000161e-05
1.809999999999999950e-05,1.801897999999999911e+01,6.000000000000000000e+00,3.270000000000000201e-05,6.669999999999999497e-05,1.029999999999999964e-04,1.430000000000000064e-04,1.900000000000000105e-04,2.469999999999999865e-04,3.200000000000000262e-04,4.200000000000000174e-04,5.730000000000000501e-04,8.450000000000000479e-04
3.899999999999999929e-05,1.500972999999999935e+01,6.000000000000000000e+00,5.860000000000000137e-05,1.210000000000000002e-04,1.869999999999999917e-04,2.590000000000000071e-04,3.440000000000000132e-04,4.459999999999999989e-04,5.770000000000000389e-04,7.579999999999999932e-04,1.030000000000000100e-03,1.449999999999999900e-03
3.270000000000000201e-05,1.236974000000000018e+01,6.000000000000000000e+00,4.050000000000000187e-05,8.390000000000000647e-05,1.299999999999999886e-04,1.800000000000000113e-04,2.369999999999999874e-04,3.049999999999999868e-04,3.919999999999999873e-04,5.060000000000000478e-04,6.719999999999999628e-04,9.389999999999999476e-04
2.610000000000000083e-05,1.757609000000000066e+01,6.000000000000000000e+00,4.580000000000000195e-05,9.500000000000000523e-05,1.469999999999999953e-04,2.049999999999999956e-04,2.719999999999999979e-04,3.530000000000000152e-04,4.589999999999999896e-04,6.030000000000000204e-04,8.239999999999999712e-04,1.190000000000000085e-03
1.049999999999999942e-05,1.486383000000000010e+01,6.000000000000000000e+00,1.559999999999999972e-05,3.180000000000000047e-05,4.920000000000000328e-05,6.839999999999999563e-05,9.029999999999999941e-05,1.160000000000000007e-04,1.499999999999999869e-04,1.949999999999999965e-04,2.620000000000000258e-04,3.710000000000000190e-04
2.629999999999999807e-06,1.558982999999999919e+01,6.000000000000000000e+00,4.099999999999999709e-06,8.349999999999999675e-06,1.290000000000000016e-05,1.800000000000000046e-05,2.390000000000000157e-05,3.089999999999999892e-05,3.970000000000000276e-05,5.170000000000000306e-05,6.909999999999999910e-05,9.820000000000000170e-05
3.529999999999999745e-05,1.372091999999999956e+01,6.000000000000000000e+00,4.849999999999999982e-05,1.000000000000000048e-04,1.550000000000000000e-04,2.149999999999999947e-04,2.849999999999999886e-04,3.690000000000000246e-04,4.780000000000000178e-04,6.239999999999999887e-04,8.419999999999999750e-04,1.209999999999999921e-03
5.339999999999999695e-05,1.469358000000000075e+01,6.000000000000000000e+00,7.849999999999999719e-05,1.610000000000000103e-04,2.489999999999999809e-04,3.449999999999999833e-04,4.569999999999999952e-04,5.919999999999999698e-04,7.649999999999999465e-04,9.990000000000001049e-04,1.330000000000000019e-03,1.820000000000000003e-03
5.940000000000000049e-05,1.385180000000000078e+01,6.000000000000000000e+00,8.229999999999999469e-05,1.689999999999999879e-04,2.599999999999999772e-04,3.609999999999999928e-04,4.769999999999999934e-04,6.160000000000000111e-04,7.940000000000000009e-04,1.030000000000000100e-03,1.360000000000000098e-03,1.860000000000000108e-03
3.279999999999999767e-05,1.785314999999999941e+01,6.000000000000000000e+00,5.860000000000000137e-05,1.210000000000000002e-04,1.869999999999999917e-04,2.599999999999999772e-04,3.449999999999999833e-04,4.490000000000000176e-04,5.839999999999999922e-04,7.680000000000000195e-04,1.039999999999999909e-03,1.479999999999999979e-03
5.370000000000000255e-06,1.563610000000000078e+01,6.000000000000000000e+00,8.399999999999999196e-06,1.709999999999999891e-05,2.650000000000000039e-05,3.699999999999999811e-05,4.899999999999999842e-05,6.349999999999999850e-05,8.200000000000000095e-05,1.069999999999999988e-04,1.440000000000000036e-04,2.079999999999999872e-04
2.279999999999999854e-05,2.093233999999999995e+01,6.000000000000000000e+00,4.759999999999999827e-05,9.880000000000000273e-05,1.530000000000000056e-04,2.130000000000000003e-04,2.820000000000000241e-04,3.680000000000000003e-04,4.780000000000000178e-04,6.290000000000000018e-04,8.419999999999999750e-04,1.229999999999999974e-03
1.160000000000000075e-05,2.090440999999999860e+01,6.000000000000000000e+00,2.430000000000000112e-05,4.979999999999999753e-05,7.710000000000000382e-05,1.069999999999999988e-04,1.420000000000000092e-04,1.859999999999999945e-04,2.410000000000000033e-04,3.170000000000000075e-04,4.350000000000000026e-04,6.530000000000000431e-04
3.300000000000000253e-05,1.598004000000000069e+01,6.000000000000000000e+00,5.270000000000000026e-05,1.090000000000000067e-04,1.679999999999999907e-04,2.329999999999999986e-04,3.089999999999999756e-04,4.009999999999999893e-04,5.190000000000000386e-04,6.780000000000000002e-04,9.169999999999999549e-04,1.299999999999999940e-03
7.639999999999999697e-06,1.232803999999999967e+01,6.000000000000000000e+00,9.409999999999999691e-06,1.910000000000000009e-05,2.960000000000000120e-05,4.110000000000000290e-05,5.420000000000000284e-05,6.970000000000000013e-05,8.919999999999999978e-05,1.150000000000000035e-04,1.520000000000000084e-04,2.090000000000000115e-04
7.710000000000000720e-06,1.922832999999999970e+01,6.000000000000000000e+00,1.480000000000000060e-05,3.030000000000000128e-05,4.690000000000000158e-05,6.519999999999999917e-05,8.639999999999999948e-05,1.119999999999999983e-04,1.450000000000000009e-04,1.900000000000000105e-04,2.599999999999999772e-04,3.800000000000000209e-04
4.819999999999999930e-05,1.525807000000000002e+01,6.000000000000000000e+00,7.349999999999999763e-05,1.510000000000000112e-04,2.329999999999999986e-04,3.240000000000000150e-04,4.279999999999999950e-04,5.540000000000000219e-04,7.159999999999999481e-04,9.349999999999999587e-04,1.240000000000000000e-03,1.709999999999999932e-03
2.139999999999999840e-06,1.804070000000000107e+01,6.000000000000000000e+00,3.860000000000000312e-06,7.869999999999999189e-06,1.220000000000000008e-05,1.699999999999999987e-05,2.260000000000000046e-05,2.930000000000000069e-05,3.789999999999999966e-05,4.970000000000000188e-05,6.719999999999999357e-05,9.770000000000000310e-05
2.669999999999999847e-05,1.398761000000000010e+01,6.000000000000000000e+00,3.729999999999999863e-05,7.749999999999999999e-05,1.200000000000000030e-04,1.669999999999999935e-04,2.210000000000000050e-04,2.860000000000000129e-04,3.680000000000000003e-04,4.800000000000000122e-04,6.459999999999999814e-04,9.229999999999999923e-04
4.940000000000000136e-06,1.512410999999999994e+01,6.000000000000000000e+00,7.469999999999999630e-06,1.520000000000000016e-05,2.349999999999999862e-05,3.279999999999999767e-05,4.330000000000000217e-05,5.599999999999999916e-05,7.189999999999999939e-05,9.339999999999999344e-05,1.250000000000000026e-04,1.759999999999999954e-04
2.340000000000000042e-06,1.707846999999999937e+01,6.000000000000000000e+00,3.989999999999999915e-06,8.130000000000000087e-06,1.259999999999999964e-05,1.749999999999999847e-05,2.330000000000000053e-05,3.019999999999999885e-05,3.889999999999999686e-05,5.080000000000000151e-05,6.839999999999999563e-05,9.840000000000000656e-05
2.320000000000000149e-05,1.362069999999999936e+01,6.000000000000000000e+00,3.169999999999999804e-05,6.580000000000000020e-05,1.019999999999999992e-04,1.420000000000000092e-04,1.879999999999999890e-04,2.439999999999999949e-04,3.150000000000000131e-04,4.110000000000000155e-04,5.519999999999999733e-04,7.990000000000000140e-04
2.099999999999999884e-05,1.922171000000000163e+01,6.000000000000000000e+00,4.029999999999999701e-05,8.229999999999999469e-05,1.269999999999999970e-04,1.759999999999999954e-04,2.339999999999999958e-04,3.040000000000000167e-04,3.950000000000000061e-04,5.169999999999999899e-04,7.050000000000000060e-04,1.030000000000000100e-03
5.909999999999999997e-05,1.268430999999999997e+01,6.000000000000000000e+00,7.499999999999999343e-05,1.540000000000000028e-04,2.380000000000000117e-04,3.299999999999999982e-04,4.360000000000000269e-04,5.640000000000000482e-04,7.269999999999999987e-04,9.470000000000000336e-04,1.270000000000000078e-03,1.740000000000000010e-03
5.920000000000000071e-06,2.141283999999999921e+01,6.000000000000000000e+00,1.270000000000000038e-05,2.589999999999999936e-05,4.020000000000000136e-05,5.599999999999999916e-05,7.440000000000000595e-05,9.679999999999999477e-05,1.259999999999999998e-04,1.659999999999999963e-04,2.280000000000000126e-04,3.400000000000000244e-04
2.269999999999999950e-05,1.716872000000000043e+01,6.000000000000000000e+00,3.889999999999999686e-05,7.940000000000000551e-05,1.219999999999999974e-04,1.700000000000000122e-04,2.249999999999999938e-04,2.919999999999999961e-04,3.770000000000000022e-04,4.929999999999999487e-04,6.669999999999999497e-04,9.669999999999999776e-04
3.779999999999999723e-05,1.278989999999999938e+01,6.000000000000000000e+00,4.830000000000000173e-05,9.979999999999999993e-05,1.540000000000000028e-04,2.139999999999999975e-04,2.829999999999999942e-04,3.649999999999999816e-04,4.699999999999999859e-04,6.120000000000000223e-04,8.159999999999999936e-04,1.160000000000000007e-03
1.800000000000000046e-05,1.460690999999999917e+01,6.000000000000000000e+00,2.640000000000000135e-05,5.379999999999999989e-05,8.339999999999999432e-05,1.160000000000000007e-04,1.530000000000000056e-04,1.990000000000000124e-04,2.570000000000000127e-04,3.359999999999999814e-04,4.539999999999999765e-04,6.599999999999999964e-04
2.920000000000000164e-05,1.694453999999999994e+01,6.000000000000000000e+00,4.949999999999999702e-05,1.019999999999999992e-04,1.579999999999999916e-04,2.200000000000000078e-04,2.919999999999999961e-04,3.800000000000000209e-04,4.939999999999999730e-04,6.499999999999999702e-04,8.880000000000000089e-04,1.280000000000000105e-03
3.729999999999999863e-05,1.666535000000000011e+01,6.000000000000000000e+00,6.210000000000000513e-05,1.279999999999999942e-04,1.979999999999999881e-04,2.750000000000000166e-04,3.640000000000000115e-04,4.719999999999999803e-04,6.120000000000000223e-04,8.019999999999999785e-04,1.080000000000000014e-03,1.520000000000000084e-03
1.230000000000000082e-05,1.825020999999999916e+01,6.000000000000000000e+00,2.250000000000000142e-05,4.610000000000000247e-05,7.140000000000000079e-05,9.940000000000000376e-05,1.320000000000000101e-04,1.720000000000000066e-04,2.229999999999999994e-04,2.939999999999999905e-04,4.029999999999999837e-04,5.999999999999999474e-04
2.559999999999999884e-05,2.031729999999999947e+01,6.000000000000000000e+00,5.199999999999999680e-05,1.069999999999999988e-04,1.659999999999999963e-04,2.320000000000000014e-04,3.089999999999999756e-04,4.029999999999999837e-04,5.270000000000000162e-04,6.980000000000000527e-04,9.349999999999999587e-04,1.410000000000000012e-03
1.380000000000000001e-05,1.563710999999999984e+01,6.000000000000000000e+00,2.159999999999999987e-05,4.390000000000000320e-05,6.810000000000000189e-05,9.380000000000000317e-05,1.250000000000000026e-04,1.610000000000000103e-04,2.079999999999999872e-04,2.700000000000000035e-04,3.640000000000000115e-04,5.199999999999999544e-04
3.570000000000000040e-05,1.683317999999999870e+01,6.000000000000000000e+00,6.009999999999999717e-05,1.240000000000000054e-04,1.920000000000000049e-04,2.660000000000000146e-04,3.530000000000000152e-04,4.580000000000000195e-04,5.940000000000000184e-04,7.799999999999999859e-04,1.049999999999999935e-03,1.479999999999999979e-03
2.129999999999999935e-05,2.145404999999999873e+01,6.000000000000000000e+00,4.569999999999999952e-05,9.480000000000000037e-05,1.469999999999999953e-04,2.049999999999999956e-04,2.719999999999999979e-04,3.539999999999999853e-04,4.620000000000000083e-04,6.109999999999999980e-04,8.400000000000000348e-04,1.209999999999999921e-03
2.960000000000000120e-05,1.250032000000000032e+01,6.000000000000000000e+00,3.699999999999999811e-05,7.660000000000000522e-05,1.190000000000000058e-04,1.649999999999999991e-04,2.180000000000000134e-04,2.820000000000000241e-04,3.629999999999999872e-04,4.730000000000000046e-04,6.340000000000000149e-04,9.060000000000000128e-04
2.919999999999999995e-06,2.163982999999999990e+01,6.000000000000000000e+00,6.319999999999999629e-06,1.290000000000000016e-05,2.000000000000000164e-05,2.799999999999999958e-05,3.710000000000000054e-05,4.830000000000000173e-05,6.260000000000000373e-05,8.249999999999999955e-05,1.129999999999999955e-04,1.669999999999999935e-04
1.150000000000000001e-05,1.508760999999999974e+01,6.000000000000000000e+00,1.739999999999999942e-05,3.550000000000000231e-05,5.489999999999999953e-05,7.629999999999999792e-05,1.010000000000000020e-04,1.299999999999999886e-04,1.679999999999999907e-04,2.190000000000000106e-04,2.939999999999999905e-04,4.209999999999999875e-04
6.819999999999999924e-06,1.764108999999999838e+01,6.000000000000000000e+00,1.200000000000000030e-05,2.460000000000000164e-05,3.800000000000000209e-05,5.280000000000000269e-05,6.909999999999999910e-05,8.969999999999999838e-05,1.169999999999999979e-04,1.530000000000000056e-04,2.059999999999999928e-04,2.970000000000000092e-04
4.510000000000000018e-06,1.875981000000000165e+01,6.000000000000000000e+00,8.450000000000000412e-06,1.720000000000000134e-05,2.669999999999999847e-05,3.729999999999999863e-05,4.940000000000000136e-05,6.409999999999999953e-05,8.289999999999999572e-05,1.079999999999999960e-04,1.469999999999999953e-04,2.149999999999999947e-04
8.009999999999999542e-06,1.804946999999999946e+01,6.000000000000000000e+00,1.450000000000000009e-05,2.949999999999999877e-05,4.559999999999999709e-05,6.339999999999999607e-05,8.390000000000000647e-05,1.090000000000000067e-04,1.399999999999999877e-04,1.830000000000000029e-04,2.480000000000000108e-04,3.589999999999999984e-04
1.220000000000000008e-05,1.256217999999999968e+01,6.000000000000000000e+00,1.529999999999999920e-05,3.130000000000000187e-05,4.849999999999999982e-05,6.739999999999999843e-05,8.909999999999999734e-05,1.150000000000000035e-04,1.479999999999999925e-04,1.920000000000000049e-04,2.570000000000000127e-04,3.649999999999999816e-04
1.279999999999999942e-05,1.737458000000000169e+01,6.000000000000000000e+00,2.229999999999999994e-05,4.550000000000000144e-05,7.050000000000000602e-05,9.789999999999999441e-05,1.299999999999999886e-04,1.679999999999999907e-04,2.169999999999999891e-04,2.849999999999999886e-04,3.860000000000000041e-04,5.630000000000000239e-04
3.180000000000000047e-06,1.427191000000000010e+01,6.000000000000000000e+00,4.539999999999999731e-06,9.239999999999999624e-06,1.430000000000000031e-05,1.989999999999999921e-05,2.640000000000000135e-05,3.410000000000000216e-05,4.380000000000000077e-05,5.679999999999999828e-05,7.579999999999999932e-05,1.069999999999999988e-04
4.309999999999999731e-05,1.582232999999999912e+01,6.000000000000000000e+00,6.820000000000000433e-05,1.399999999999999877e-04,2.169999999999999891e-04,3.009999999999999980e-04,3.980000000000000248e-04,5.159999999999999656e-04,6.679999999999999740e-04,8.739999999999999939e-04,1.170000000000000033e-03,1.629999999999999939e-03
7.339999999999999520e-05,1.234187999999999974e+01,6.000000000000000000e+00,9.060000000000000670e-05,1.859999999999999945e-04,2.860000000000000129e-04,3.970000000000000005e-04,5.240000000000000517e-04,6.769999999999999759e-04,8.710000000000000294e-04,1.129999999999999928e-03,1.490000000000000005e-03,2.020000000000000094e-03
3.009999999999999980e-06,2.060392999999999830e+01,6.000000000000000000e+00,6.199999999999999931e-06,1.230000000000000082e-05,1.910000000000000009e-05,2.680000000000000090e-05,3.559999999999999797e-05,4.630000000000000055e-05,6.009999999999999717e-05,7.920000000000000065e-05,1.079999999999999960e-04,1.610000000000000103e-04
3.279999999999999936e-06,1.925955000000000084e+01,6.000000000000000000e+00,6.309999999999999725e-06,1.290000000000000016e-05,2.000000000000000164e-05,2.780000000000000149e-05,3.690000000000000246e-05,4.789999999999999879e-05,6.200000000000000270e-05,8.119999999999999505e-05,1.100000000000000039e-04,1.610000000000000103e-04
2.260000000000000046e-05,1.946743000000000023e+01,6.000000000000000000e+00,4.399999999999999886e-05,9.119999999999999418e-05,1.410000000000000120e-04,1.969999999999999909e-04,2.610000000000000015e-04,3.400000000000000244e-04,4.429999999999999802e-04,5.839999999999999922e-04,8.009999999999999542e-04,1.170000000000000033e-03
5.339999999999999695e-06,1.802215999999999951e+01,6.000000000000000000e+00,9.619999999999999374e-06,1.970000000000000112e-05,3.049999999999999936e-05,4.259999999999999871e-05,5.649999999999999776e-05,7.339999999999999520e-05,9.529999999999999897e-05,1.250000000000000026e-04,1.710000000000000094e-04,2.530000000000000239e-04
9.229999999999999720e-06,1.898102000000000089e+01,6.000000000000000000e+00,1.749999999999999847e-05,3.570000000000000040e-05,5.530000000000000247e-05,7.679999999999999652e-05,1.019999999999999992e-04,1.320000000000000101e-04,1.700000000000000122e-04,2.229999999999999994e-04,3.029999999999999924e-04,4.400000000000000157e-04
3.610000000000000334e-05,1.599070000000000036e+01,6.000000000000000000e+00,5.780000000000000225e-05,1.190000000000000058e-04,1.840000000000000001e-04,2.559999999999999884e-04,3.379999999999999758e-04,4.389999999999999914e-04,5.680000000000000370e-04,7.420000000000000380e-04,1.000000000000000021e-03,1.399999999999999986e-03
2.390000000000000157e-05,1.478087999999999980e+01,6.000000000000000000e+00,3.539999999999999988e-05,7.360000000000000006e-05,1.140000000000000063e-04,1.589999999999999888e-04,2.100000000000000087e-04,2.730000000000000222e-04,3.530000000000000152e-04,4.640000000000000027e-04,6.260000000000000373e-04,9.160000000000000390e-04
3.710000000000000054e-05,1.663558000000000092e+01,6.000000000000000000e+00,6.169999999999999541e-05,1.269999999999999970e-04,1.969999999999999909e-04,2.739999999999999923e-04,3.629999999999999872e-04,4.719999999999999803e-04,6.130000000000000466e-04,8.090000000000000403e-04,1.100000000000000066e-03,1.549999999999999946e-03
1.029999999999999964e-05,1.900100000000000122e+01,6.000000000000000000e+00,1.959999999999999869e-05,3.940000000000000224e-05,6.190000000000000027e-05,8.600000000000000331e-05,1.140000000000000063e-04,1.479999999999999925e-04,1.910000000000000077e-04,2.500000000000000052e-04,3.400000000000000244e-04,4.949999999999999973e-04
1.180000000000000052e-05,1.435036000000000023e+01,6.000000000000000000e+00,1.699999999999999987e-05,3.470000000000000319e-05,5.369999999999999746e-05,7.469999999999999969e-05,9.890000000000000516e-05,1.279999999999999942e-04,1.649999999999999991e-04,2.159999999999999919e-04,2.910000000000000260e-04,4.189999999999999931e-04
1.259999999999999964e-05,1.810877999999999943e+01,6.000000000000000000e+00,2.279999999999999854e-05,4.649999999999999864e-05,7.200000000000000182e-05,1.000000000000000048e-04,1.330000000000000073e-04,1.720000000000000066e-04,2.220000000000000022e-04,2.910000000000000260e-04,3.950000000000000061e-04,5.779999999999999548e-04
1.450000000000000009e-05,1.851864000000000132e+01,6.000000000000000000e+00,2.680000000000000090e-05,5.470000000000000144e-05,8.459999999999999638e-05,1.179999999999999951e-04,1.559999999999999972e-04,2.020000000000000040e-04,2.620000000000000258e-04,3.420000000000000188e-04,4.659999999999999971e-04,6.819999999999999890e-04
6.800000000000000116e-06,1.626991999999999905e+01,6.000000000000000000e+00,1.110000000000000045e-05,2.260000000000000046e-05,3.499999999999999693e-05,4.880000000000000033e-05,6.459999999999999814e-05,8.370000000000000161e-05,1.079999999999999960e-04,1.410000000000000120e-04,1.910000000000000077e-04,2.770000000000000110e-04
2.169999999999999891e-05,2.023460000000000036e+01,6.000000000000000000e+00,4.390000000000000320e-05,9.119999999999999418e-05,1.410000000000000120e-04,1.969999999999999909e-04,2.610000000000000015e-04,3.390000000000000001e-04,4.389999999999999914e-04,5.770000000000000389e-04,7.879999999999999635e-04,1.129999999999999928e-03
1.469999999999999986e-05,1.512789000000000073e+01,6.000000000000000000e+00,2.220000000000000090e-05,4.530000000000000335e-05,7.019999999999999873e-05,9.749999999999999823e-05,1.289999999999999914e-04,1.669999999999999935e-04,2.159999999999999919e-04,2.820000000000000241e-04,3.789999999999999966e-04,5.490000000000000088e-04
1.919999999999999828e-06,2.029451999999999856e+01,6.000000000000000000e+00,3.899999999999999929e-06,7.960000000000000021e-06,1.239999999999999986e-05,1.730000000000000038e-05,2.300000000000000002e-05,2.989999999999999833e-05,3.880000000000000121e-05,5.110000000000000203e-05,6.990000000000000499e-05,1.039999999999999936e-04
1.620000000000000075e-05,1.707443999999999917e+01,6.000000000000000000e+00,2.760000000000000002e-05,5.640000000000000211e-05,8.739999999999999668e-05,1.210000000000000002e-04,1.610000000000000103e-04,2.090000000000000115e-04,2.709999999999999735e-04,3.559999999999999797e-04,4.850000000000000253e-04,7.129999999999999836e-04
4.300000000000000165e-05,1.513970999999999911e+01,6.000000000000000000e+00,6.499999999999999431e-05,1.340000000000000045e-04,2.069999999999999900e-04,2.869999999999999830e-04,3.789999999999999966e-04,4.910000000000000085e-04,6.329999999999999906e-04,8.260000000000000198e-04,1.110000000000000092e-03,1.529999999999999893e-03
1.509999999999999942e-05,1.502642999999999951e+01,6.000000000000000000e+00,2.269999999999999950e-05,4.640000000000000298e-05,7.169999999999999453e-05,9.950000000000000619e-05,1.310000000000000129e-04,1.700000000000000122e-04,2.190000000000000106e-04,2.860000000000000129e-04,3.829999999999999854e-04,5.490000000000000088e-04
1.469999999999999986e-05,1.710069999999999979e+01,6.000000000000000000e+00,2.510000000000000024e-05,5.119999999999999768e-05,7.909999999999999822e-05,1.100000000000000039e-04,1.450000000000000009e-04,1.890000000000000133e-04,2.439999999999999949e-04,3.190000000000000019e-04,4.310000000000000137e-04,6.260000000000000373e-04
1.119999999999999949e-05,2.094791999999999987e+01,6.000000000000000000e+00,2.360000000000000105e-05,4.819999999999999930e-05,7.469999999999999969e-05,1.039999999999999936e-04,1.379999999999999933e-04,1.800000000000000113e-04,2.339999999999999958e-04,3.089999999999999756e-04,4.240000000000000062e-04,6.380000000000000037e-04
4.029999999999999701e-05,1.562210999999999927e+01,6.000000000000000000e+00,6.299999999999999990e-05,1.299999999999999886e-04,2.000000000000000096e-04,2.790000000000000054e-04,3.690000000000000246e-04,4.789999999999999879e-04,6.210000000000000242e-04,8.149999999999999693e-04,1.100000000000000066e-03,1.549999999999999946e-03
7.659999999999999505e-06,1.616509999999999891e+01,6.000000000000000000e+00,1.239999999999999986e-05,2.519999999999999928e-05,3.899999999999999929e-05,5.420000000000000284e-05,7.160000000000000565e-05,9.260000000000000110e-05,1.190000000000000058e-04,1.550000000000000000e-04,2.090000000000000115e-04,2.959999999999999849e-04
2.080000000000000075e-05,1.810900000000000176e+01,6.000000000000000000e+00,3.759999999999999915e-05,7.679999999999999652e-05,1.179999999999999951e-04,1.649999999999999991e-04,2.180000000000000134e-04,2.829999999999999942e-04,3.660000000000000059e-04,4.800000000000000122e-04,6.530000000000000431e-04,9.529999999999999626e-04
1.509999999999999942e-05,1.499524000000000079e+01,6.000000000000000000e+00,2.260000000000000046e-05,4.610000000000000247e-05,7.140000000000000079e-05,9.899999999999999404e-05,1.310000000000000129e-04,1.689999999999999879e-04,2.180000000000000134e-04,2.840000000000000185e-04,3.800000000000000209e-04,5.419999999999999471e-04
1.620000000000000075e-05,2.111734999999999829e+01,6.000000000000000000e+00,3.419999999999999782e-05,6.990000000000000499e-05,1.079999999999999960e-04,1.499999999999999869e-04,2.000000000000000096e-04,2.599999999999999772e-04,3.379999999999999758e-04,4.459999999999999989e-04,6.139999999999999625e-04,9.129999999999999661e-04
7.539999999999999807e-06,1.927533999999999992e+01,6.000000000000000000e+00,1.450000000000000009e-05,2.970000000000000024e-05,4.600000000000000004e-05,6.399999999999999710e-05,8.480000000000000124e-05,1.100000000000000039e-04,1.430000000000000064e-04,1.869999999999999917e-04,2.559999999999999884e-04,3.759999999999999779e-04
1.099999999999999971e-05,1.695003000000000171e+01,6.000000000000000000e+00,1.870000000000000053e-05,3.809999999999999775e-05,5.899999999999999754e-05,8.210000000000000338e-05,1.090000000000000067e-04,1.410000000000000120e-04,1.820000000000000057e-04,2.380000000000000117e-04,3.240000000000000150e-04,4.719999999999999803e-04
2.379999999999999913e-05,1.904915000000000092e+01,6.000000000000000000e+00,4.530000000000000335e-05,9.380000000000000317e-05,1.450000000000000009e-04,2.020000000000000040e-04,2.689999999999999791e-04,3.499999999999999964e-04,4.550000000000000008e-04,5.999999999999999474e-04,8.239999999999999712e-04,1.199999999999999895e-03
4.300000000000000165e-05,1.536176000000000030e+01,6.000000000000000000e+00,6.609999999999999394e-05,1.359999999999999989e-04,2.100000000000000087e-04,2.919999999999999961e-04,3.869999999999999742e-04,5.019999999999999506e-04,6.499999999999999702e-04,8.530000000000000256e-04,1.149999999999999981e-03,1.610000000000000103e-03
3.839999999999999657e-06,2.014948000000000050e+01,6.000000000000000000e+00,7.730000000000000529e-06,1.580000000000000119e-05,2.440000000000000017e-05,3.399999999999999973e-05,4.509999999999999849e-05,5.849999999999999894e-05,7.559999999999999446e-05,9.890000000000000516e-05,1.340000000000000045e-04,1.949999999999999965e-04
7.580000000000000271e-06,1.326157000000000075e+01,6.000000000000000000e+00,1.009999999999999986e-05,2.050000000000000024e-05,3.180000000000000047e-05,4.429999999999999937e-05,5.849999999999999894e-05,7.559999999999999446e-05,9.689999999999999720e-05,1.269999999999999970e-04,1.689999999999999879e-04,2.400000000000000061e-04
7.679999999999999314e-06,1.655770000000000053e+01,6.000000000000000000e+00,1.270000000000000038e-05,2.599999999999999840e-05,4.020000000000000136e-05,5.599999999999999916e-05,7.420000000000000109e-05,9.629999999999999617e-05,1.250000000000000026e-04,1.630000000000000047e-04,2.210000000000000050e-04,3.220000000000000206e-04
1.550000000000000068e-05,1.967291000000000167e+01,6.000000000000000000e+00,3.049999999999999936e-05,6.239999999999999887e-05,9.650000000000000103e-05,1.340000000000000045e-04,1.779999999999999898e-04,2.320000000000000014e-04,3.020000000000000223e-04,3.989999999999999949e-04,5.469999999999999602e-04,8.199999999999999824e-04
4.940000000000000136e-06,1.719785999999999859e+01,6.000000000000000000e+00,8.499999999999999933e-06,1.739999999999999942e-05,2.689999999999999995e-05,3.759999999999999915e-05,4.989999999999999997e-05,6.480000000000000300e-05,8.399999999999999535e-05,1.100000000000000039e-04,1.499999999999999869e-04,2.210000000000000050e-04
7.410000000000000205e-06,1.532704000000000022e+01,6.000000000000000000e+00,1.139999999999999927e-05,2.320000000000000149e-05,3.589999999999999848e-05,5.009999999999999805e-05,6.629999999999999880e-05,8.600000000000000331e-05,1.110000000000000011e-04,1.450000000000000009e-04,1.959999999999999937e-04,2.840000000000000185e-04
9.909999999999999986e-06,1.864166000000000167e+01,6.000000000000000000e+00,1.849999999999999906e-05,3.779999999999999723e-05,5.860000000000000137e-05,8.150000000000000235e-05,1.079999999999999960e-04,1.399999999999999877e-04,1.820000000000000057e-04,2.380000000000000117e-04,3.249999999999999851e-04,4.769999999999999934e-04
3.180000000000000047e-05,1.613332000000000122e+01,6.000000000000000000e+00,5.130000000000000011e-05,1.060000000000000016e-04,1.640000000000000019e-04,2.269999999999999882e-04,3.009999999999999980e-04,3.910000000000000172e-04,5.050000000000000235e-04,6.599999999999999964e-04,8.909999999999999734e-04,1.260000000000000052e-03
4.289999999999999584e-06,1.263077999999999967e+01,6.000000000000000000e+00,5.409999999999999872e-06,1.099999999999999971e-05,1.709999999999999891e-05,2.379999999999999913e-05,3.149999999999999995e-05,4.069999999999999996e-05,5.220000000000000166e-05,6.770000000000000572e-05,9.009999999999999455e-05,1.269999999999999970e-04
1.880000000000000000e-06,2.057360999999999862e+01,6.000000000000000000e+00,3.870000000000000217e-06,7.910000000000000500e-06,1.230000000000000082e-05,1.709999999999999891e-05,2.279999999999999854e-05,2.960000000000000120e-05,3.850000000000000069e-05,5.059999999999999665e-05,6.899999999999999667e-05,1.019999999999999992e-04
1.279999999999999942e-05,1.451967999999999925e+01,6.000000000000000000e+00,1.860000000000000149e-05,3.830000000000000261e-05,5.860000000000000137e-05,8.139999999999999992e-05,1.069999999999999988e-04,1.389999999999999905e-04,1.789999999999999870e-04,2.329999999999999986e-04,3.130000000000000187e-04,4.459999999999999989e-04
1.430000000000000073e-06,1.951538000000000039e+01,6.000000000000000000e+00,2.799999999999999873e-06,5.710000000000000387e-06,8.849999999999999970e-06,1.239999999999999986e-05,1.650000000000000127e-05,2.139999999999999840e-05,2.769999999999999906e-05,3.639999999999999708e-05,4.949999999999999702e-05,7.270000000000000529e-05
8.280000000000000345e-06,1.623742000000000019e+01,6.000000000000000000e+00,1.340000000000000045e-05,2.739999999999999855e-05,4.240000000000000062e-05,5.899999999999999754e-05,7.810000000000000102e-05,1.010000000000000020e-04,1.299999999999999886e-04,1.700000000000000122e-04,2.290000000000000098e-04,3.280000000000000038e-04
6.309999999999999725e-06,1.981044999999999945e+01,6.000000000000000000e+00,1.250000000000000060e-05,2.549999999999999980e-05,3.949999999999999789e-05,5.489999999999999953e-05,7.270000000000000529e-05,9.430000000000000177e-05,1.219999999999999974e-04,1.589999999999999888e-04,2.169999999999999891e-04,3.150000000000000131e-04
1.369999999999999927e-05,2.097603000000000151e+01,6.000000000000000000e+00,2.879999999999999870e-05,5.890000000000000189e-05,9.119999999999999418e-05,1.269999999999999970e-04,1.689999999999999879e-04,2.200000000000000078e-04,2.860000000000000129e-04,3.789999999999999966e-04,5.220000000000000031e-04,7.900000000000000121e-04
3.009999999999999980e-05,1.616792999999999836e+01,6.000000000000000000e+00,4.860000000000000225e-05,1.000000000000000048e-04,1.550000000000000000e-04,2.159999999999999919e-04,2.869999999999999830e-04,3.730000000000000134e-04,4.829999999999999767e-04,6.350000000000000392e-04,8.649999999999999920e-04,1.250000000000000026e-03
1.999999999999999909e-06,1.870231000000000066e+01,6.000000000000000000e+00,3.750000000000000095e-06,7.639999999999999697e-06,1.180000000000000052e-05,1.650000000000000127e-05,2.199999999999999943e-05,2.850000000000000157e-05,3.699999999999999811e-05,4.849999999999999982e-05,6.580000000000000020e-05,9.619999999999999374e-05
1.940000000000000060e-05,1.894863000000000142e+01,6.000000000000000000e+00,3.690000000000000246e-05,7.530000000000000072e-05,1.160000000000000007e-04,1.620000000000000075e-04,2.139999999999999975e-04,2.790000000000000054e-04,3.620000000000000171e-04,4.760000000000000234e-04,6.520000000000000188e-04,9.619999999999999645e-04
